WhiteElo,BlackElo,GameMode,good,inaccuracy,mistake,blunder
1281,1305,Blitz,6,17,1,2
1193,1221,Blitz,20,20,4,25
1311,1359,Blitz,6,29,3,80
1052,1012,Rapid,2,10,5,18
1773,1852,Bullet,2,12,1,42
1953,1955,Bullet,4,23,2,36
2241,2240,Bullet,15,16,48,34
1735,1729,Bullet,2,19,5,38
1588,1686,Bullet,0,5,20,67
1358,1368,Bullet,1,10,9,41
1434,1434,Bullet,3,17,2,12
2237,2229,Bullet,4,10,2,30
1521,1451,Bullet,2,8,12,9
2343,2294,Bullet,2,18,10,66
1408,1370,Bullet,21,15,21,0
1241,1244,Bullet,8,33,7,0
1954,1989,Bullet,1,10,26,31
1208,1224,Bullet,3,9,19,12
1879,1748,Bullet,22,21,6,11
2640,2759,Bullet,14,24,9,32
1941,2026,Bullet,9,33,13,31
869,967,Bullet,8,8,6,4
2084,2085,Bullet,14,22,13,10
2043,2023,Bullet,1,11,26,11
2028,2170,Bullet,8,39,12,33
2166,2381,Bullet,13,40,61,20
1965,1984,Bullet,17,34,9,2
1661,1662,Bullet,9,7,20,74
1784,1769,Bullet,8,13,15,5
1545,1551,Bullet,12,17,12,13
2148,2171,Bullet,3,32,14,20
1393,1463,Bullet,4,6,10,26
2217,2180,Bullet,2,18,7,36
2074,2128,Bullet,9,18,25,22
2004,2002,Bullet,10,17,2,75
1606,1631,Bullet,3,4,31,17
1365,1369,Bullet,7,22,11,19
1939,1846,Bullet,5,47,42,38
1291,1358,Bullet,8,17,9,62
1789,1800,Bullet,9,24,8,2
1609,1615,Bullet,3,17,17,19
1932,1938,Bullet,2,13,19,43
1363,1378,Blitz,10,11,7,37
2314,2296,Bullet,52,41,18,14
1875,1841,Blitz,1,10,26,9
1734,1605,Bullet,15,11,7,13
1955,1974,Bullet,5,32,8,2
1228,1260,Bullet,11,8,1,31
1141,1125,Bullet,3,21,27,3
1379,1345,Bullet,10,20,25,0
1405,1465,Bullet,1,9,5,8
1902,1821,Bullet,13,26,16,25
978,996,Bullet,6,20,8,3
2035,2030,Bullet,2,12,45,21
1489,1477,Bullet,8,26,2,62
1305,1341,Bullet,21,26,3,3
1291,1278,Bullet,1,25,24,23
1121,1049,Bullet,7,25,17,5
2316,2409,Bullet,33,22,2,0
1024,1020,Blitz,0,7,13,108
1342,1395,Blitz,19,20,32,54
1452,1448,Blitz,2,30,48,16
961,944,Blitz,8,16,32,17
1914,1882,Blitz,2,31,16,12
2268,2315,Bullet,5,12,16,36
1862,1851,Bullet,8,13,6,2
2058,1936,Bullet,2,11,13,63
1492,1568,Bullet,6,29,15,8
1360,1324,Bullet,18,8,15,93
1422,1407,Bullet,11,5,1,4
2171,2129,Bullet,8,15,22,18
1802,1789,Bullet,7,13,9,2
2122,2119,Bullet,9,13,4,6
1188,1076,Bullet,8,11,2,9
2109,2106,Bullet,8,15,11,22
1195,1279,Bullet,11,10,5,43
2374,2379,Bullet,1,12,28,37
1722,1660,Bullet,3,22,37,24
2131,2130,Bullet,8,20,26,35
2331,2385,Bullet,8,14,0,2
1808,1807,Bullet,1,2,3,68
2026,1996,Bullet,2,31,42,1
1740,1761,Bullet,3,11,1,2
1802,1783,Bullet,1,25,16,33
2198,2204,Bullet,10,19,17,37
2551,2450,Bullet,3,33,9,8
1872,1843,Bullet,12,44,30,13
2089,2111,Bullet,39,24,9,7
1820,1828,Bullet,0,9,2,4
1890,1912,Bullet,28,58,37,6
1781,1675,Bullet,5,11,17,27
2550,2691,Bullet,32,40,11,4
1983,1943,Bullet,10,34,29,12
1335,1356,Blitz,2,13,0,10
1461,1459,Blitz,11,28,28,19
1772,1772,Blitz,0,3,10,11
1685,1679,Blitz,0,6,14,55
1829,1861,Blitz,15,20,18,15
704,582,Blitz,0,6,4,2
1703,1716,Blitz,1,15,7,29
2213,2160,Blitz,4,38,16,10
1785,1751,Blitz,7,26,19,5
1959,2104,Blitz,3,37,35,2
1555,1566,Blitz,6,15,4,25
2017,1921,Blitz,7,19,32,22
1307,1233,Blitz,5,15,24,7
1480,1504,Blitz,3,11,12,24
1405,1458,Blitz,13,27,5,0
930,983,Blitz,3,9,4,40
2302,2223,Bullet,3,6,0,112
1694,1632,Bullet,4,22,5,64
1828,1844,Bullet,6,25,24,5
2459,2453,Bullet,13,22,10,6
2188,2169,Bullet,7,27,11,5
1864,1858,Bullet,4,22,5,16
2072,2080,Bullet,13,17,9,10
1317,1324,Bullet,4,16,15,17
1250,1186,Bullet,7,13,22,2
1783,1778,Bullet,6,24,17,41
2256,2223,Bullet,3,17,7,22
2340,2328,Bullet,5,7,26,32
1480,1544,Bullet,2,7,0,30
1989,1986,Bullet,0,15,18,40
1893,1893,Bullet,6,21,13,60
1417,1433,Bullet,1,16,5,20
1982,1943,Bullet,1,3,8,21
2098,2087,Bullet,21,28,20,51
1697,1724,Bullet,20,14,7,8
1505,1508,Blitz,13,14,1,14
1809,1844,Blitz,7,20,1,0
1368,1339,Blitz,4,12,0,13
1663,1616,Blitz,1,33,16,17
1739,1739,Blitz,0,19,33,10
1703,1663,Blitz,1,11,1,2
1276,1238,Blitz,2,7,14,28
1428,1438,Blitz,8,15,17,57
1631,1596,Blitz,1,11,2,3
1409,1421,Blitz,4,9,2,4
1754,1731,Blitz,7,36,14,34
1541,1573,Blitz,1,7,20,31
1698,1686,Bullet,1,7,8,19
1898,1945,Bullet,0,7,17,81
1524,1525,Bullet,0,19,13,8
1782,1744,Bullet,6,27,14,18
2124,2082,Bullet,3,14,3,4
1880,1890,Bullet,21,32,24,2
1661,1787,Bullet,11,23,4,17
1440,1485,Bullet,4,15,12,7
1555,1570,Bullet,12,49,15,31
1925,1925,Bullet,11,32,9,4
1743,1724,Bullet,7,21,32,39
2222,2390,Bullet,4,35,14,25
1684,1616,Bullet,1,12,17,27
1599,1662,Bullet,0,16,5,18
1915,1916,Bullet,24,56,13,52
1001,977,Bullet,3,11,4,5
1942,1950,Bullet,9,9,13,33
1142,1270,Bullet,2,1,15,9
2180,2135,Bullet,7,11,3,8
1718,1720,Bullet,4,37,15,24
1659,1656,Bullet,13,17,10,2
1835,1656,Blitz,12,20,9,1
1479,1428,Blitz,6,13,43,21
1069,955,Bullet,1,8,0,5
1676,1647,Blitz,22,20,4,38
2370,2408,Bullet,0,12,33,35
2448,2450,Bullet,6,16,9,41
2068,2051,Bullet,3,8,4,58
2293,2189,Bullet,4,48,27,39
1437,1428,Bullet,1,10,21,15
2314,2298,Bullet,14,52,5,26
1837,1887,Bullet,7,9,0,0
1345,1379,Bullet,3,5,14,6
1311,1241,Bullet,0,7,11,21
1452,1522,Bullet,3,18,23,11
1947,1929,Bullet,3,41,21,10
1999,1984,Bullet,5,28,1,12
900,901,Bullet,2,4,2,34
2100,2114,Bullet,4,10,11,12
1454,1459,Bullet,11,18,4,17
2193,2237,Bullet,21,32,19,54
2280,2253,Bullet,6,18,3,18
1984,1859,Rapid,8,32,19,8
2056,1999,Bullet,3,8,25,21
1439,1427,Blitz,3,32,44,70
2150,2072,Blitz,13,11,16,24
1728,1606,Blitz,2,16,1,4
2184,2168,Blitz,7,33,17,5
1449,1446,Blitz,2,14,23,25
2191,2302,Blitz,6,30,10,9
1581,1590,Blitz,10,12,15,8
1469,1531,Blitz,6,23,22,3
1707,1721,Bullet,1,6,17,59
1905,1912,Bullet,1,8,17,3
2715,2714,Bullet,8,14,8,67
2202,2206,Bullet,0,13,13,10
1665,1675,Bullet,11,18,3,66
1919,1917,Bullet,4,24,9,41
1968,1978,Bullet,6,24,15,37
1805,1808,Bullet,1,3,34,41
1988,2001,Bullet,7,22,10,11
1323,1250,Bullet,2,7,17,35
1381,1485,Bullet,18,18,6,14
2014,2056,Bullet,5,19,14,10
2160,2175,Bullet,6,27,31,9
663,808,Rapid,0,3,1,6
1792,1500,Classical,5,22,22,35
1630,1529,Classical,9,4,13,36
1483,1508,Classical,4,12,21,3
2093,2061,Bullet,4,20,16,6
1819,1751,Bullet,1,21,27,15
1981,1917,Blitz,5,27,29,0
1832,1809,Blitz,5,4,4,12
834,964,Blitz,4,20,29,28
1526,1603,Blitz,2,9,1,2
1707,1794,Blitz,1,21,0,12
1441,1453,Blitz,10,25,4,26
985,1084,Blitz,0,8,3,2
1402,1421,Blitz,11,19,21,2
1212,1263,Blitz,6,31,11,59
1077,1144,Blitz,0,10,20,21
1526,1588,Classical,5,20,34,43
1380,1416,Bullet,5,26,11,12
1775,1775,Bullet,11,21,12,36
1542,1456,Bullet,18,32,9,6
1978,2003,Bullet,1,18,7,4
1823,1841,Bullet,36,26,23,31
1436,1425,Bullet,12,15,13,4
1308,1349,Bullet,6,7,23,26
1820,1826,Bullet,9,17,9,4
1711,1701,Bullet,9,13,20,26
1225,1150,Bullet,1,19,12,15
1850,1955,Bullet,2,16,4,9
1550,1678,Bullet,8,36,33,10
1076,942,Bullet,11,25,2,19
1215,1199,Bullet,4,12,16,89
1400,1425,Blitz,17,48,22,2
1995,2053,Blitz,7,35,28,10
1753,1766,Bullet,16,45,10,50
1493,1533,Bullet,8,23,29,25
2700,2643,Bullet,5,25,45,11
1152,1146,Bullet,4,2,2,51
1815,1935,Bullet,7,33,6,10
1790,1776,Bullet,2,8,33,34
1962,1976,Bullet,1,25,11,45
1937,1958,Bullet,2,13,15,35
1570,1607,Bullet,3,11,36,47
1759,1763,Bullet,4,29,23,2
2001,2027,Bullet,7,12,9,21
1419,1407,Bullet,18,33,3,4
2076,2076,Bullet,28,30,10,0
1878,1831,Bullet,3,2,0,12
1562,1556,Bullet,1,23,2,44
1665,1699,Bullet,0,11,2,3
2037,2043,Bullet,0,8,25,24
1999,1997,Bullet,14,12,18,38
1471,1470,Blitz,3,11,29,6
936,1059,Blitz,0,6,6,72
1588,1584,Blitz,5,17,19,37
2208,2229,Blitz,15,27,17,18
1484,1475,Blitz,2,27,32,7
1454,1448,Blitz,2,31,11,47
1263,1254,Blitz,5,20,9,39
1145,1149,Blitz,1,10,3,2
2068,2008,Blitz,0,18,31,41
1500,1496,Blitz,58,25,39,4
1375,1400,Blitz,24,56,34,2
1728,1755,Blitz,4,15,9,14
1957,1964,Blitz,8,36,4,0
1787,1846,Blitz,3,31,1,2
2026,2114,Blitz,15,20,12,2
1720,1711,Blitz,18,21,9,13
1255,1233,Blitz,0,10,8,46
1366,1462,Blitz,5,6,10,43
1139,1176,Blitz,10,10,30,79
1047,1053,Blitz,0,5,4,32
2063,1996,Blitz,0,12,51,19
1201,1223,Blitz,6,19,10,2
593,707,Blitz,6,16,10,8
1783,1773,Blitz,6,18,8,43
1986,1992,Blitz,11,17,20,19
2276,2270,Bullet,5,28,18,33
2195,2177,Bullet,5,4,4,17
1710,1753,Bullet,21,6,0,2
1789,1785,Bullet,1,4,7,29
1055,1017,Bullet,0,5,12,45
1978,2045,Bullet,13,27,16,66
2069,2088,Bullet,20,20,3,7
1498,1523,Bullet,12,25,16,10
2286,2316,Bullet,15,48,34,1
2584,2465,Bullet,5,34,10,14
1427,1384,Bullet,4,30,8,6
1837,1823,Bullet,41,55,19,0
1342,1377,Bullet,21,21,15,7
1895,1893,Bullet,15,26,17,5
2148,2148,Bullet,8,11,11,7
1264,1256,Bullet,5,6,12,32
1606,1637,Rapid,8,12,2,20
1712,1679,Rapid,0,8,4,2
2055,1920,Rapid,11,16,28,6
1374,1306,Rapid,7,4,3,20
1022,1076,Rapid,3,5,3,130
1663,1620,Blitz,5,39,44,21
1885,1974,Blitz,7,23,14,4
1480,1484,Blitz,14,24,19,17
1123,1167,Blitz,61,21,4,3
1548,1507,Blitz,1,14,18,62
1977,1997,Blitz,3,9,10,48
1858,1819,Blitz,6,22,15,27
1742,1727,Blitz,7,39,3,52
1570,1562,Blitz,18,19,26,6
2313,2356,Blitz,30,34,60,13
1348,1277,Blitz,1,14,4,3
1403,1423,Blitz,2,8,48,27
1345,1405,Blitz,3,23,14,25
1572,1604,Blitz,7,17,5,23
1171,1168,Blitz,1,22,7,108
1949,1932,Blitz,12,27,20,25
2048,2006,Blitz,7,47,15,8
987,1052,Blitz,10,14,12,26
1154,1081,Bullet,2,19,13,20
1884,1908,Bullet,1,9,15,22
1832,1872,Bullet,9,32,21,10
1667,1654,Blitz,6,34,18,12
993,997,Blitz,4,15,15,5
1640,1686,Blitz,12,7,2,1
1467,1486,Blitz,0,14,14,22
1561,1608,Blitz,12,25,19,14
1130,1080,Blitz,3,7,1,2
1868,1833,Blitz,5,18,26,14
1285,1162,Blitz,3,25,16,9
912,974,Blitz,2,20,9,21
1329,1309,Bullet,3,21,11,34
1703,1765,Bullet,6,22,9,30
2398,2218,Bullet,4,17,4,54
1906,1957,Blitz,12,45,4,20
1624,1881,Rapid,7,28,25,16
1625,1605,Blitz,3,34,20,6
1368,1370,Blitz,0,8,2,11
1268,1271,Blitz,2,9,20,6
1244,1255,Blitz,9,18,13,44
841,957,Blitz,9,13,13,94
1073,1077,Blitz,1,7,12,38
1677,1602,Blitz,0,6,11,47
1912,1921,Blitz,4,12,17,78
1439,1403,Blitz,3,13,9,6
1739,1657,Blitz,4,28,6,29
1171,1203,Blitz,3,8,9,5
1751,1765,Blitz,10,10,59,20
1943,2056,Blitz,10,24,35,32
1607,1551,Blitz,2,18,30,13
1286,1321,Blitz,1,12,15,56
1762,1824,Blitz,5,21,19,2
2017,2020,Blitz,7,33,24,21
1479,1455,Blitz,6,11,2,0
1703,1710,Blitz,4,21,4,8
1877,1860,Blitz,1,19,9,6
1373,1329,Blitz,8,9,0,3
1608,1674,Blitz,4,36,21,23
1541,1513,Blitz,4,33,19,2
948,848,Blitz,4,14,1,0
1215,1190,Blitz,5,10,3,23
1723,1729,Blitz,7,40,7,0
2027,1999,Blitz,3,28,10,9
1153,1180,Bullet,13,34,16,7
1722,1730,Bullet,16,23,18,55
1414,1389,Bullet,0,10,23,54
1708,1718,Bullet,12,16,13,56
1656,1697,Bullet,9,46,14,23
2095,2111,Bullet,21,38,33,52
1980,1976,Bullet,0,10,3,0
1600,1587,Bullet,4,14,11,48
1575,1500,Bullet,3,21,15,8
1773,1752,Bullet,2,8,7,8
1911,1925,Bullet,11,21,5,4
1847,1912,Bullet,24,28,11,8
2165,2078,Bullet,2,8,35,22
2379,2241,Bullet,1,20,39,43
1844,1819,Bullet,4,23,15,30
1778,1817,Bullet,11,16,4,8
1573,1561,Bullet,6,1,3,70
1412,1485,Blitz,3,14,7,40
2019,2006,Blitz,32,52,11,4
1087,1062,Bullet,1,7,17,43
1229,1261,Blitz,6,15,16,2
1097,1148,Blitz,2,9,2,2
929,785,Blitz,2,11,10,14
2184,1742,Blitz,0,12,14,9
1422,1433,Blitz,5,26,33,25
1859,1808,Blitz,7,20,30,12
1649,1663,Blitz,4,13,19,2
1700,1690,Blitz,0,10,15,50
1767,1707,Blitz,2,13,35,4
1462,1458,Blitz,3,9,20,15
1374,1378,Blitz,5,17,19,16
1317,1276,Blitz,5,13,2,46
1981,1993,Blitz,9,21,37,68
1074,1125,Blitz,2,7,9,119
1017,1067,Blitz,4,13,10,22
1832,1842,Blitz,30,46,2,0
1653,1647,Blitz,6,21,37,52
1254,1265,Blitz,0,9,29,6
1584,1630,Blitz,12,61,28,9
817,929,Blitz,1,12,17,24
2180,2164,Blitz,2,10,8,2
1913,1868,Blitz,5,26,34,14
1188,1240,Blitz,7,11,18,56
1368,1463,Blitz,9,10,9,40
976,943,Blitz,2,3,0,2
1297,1322,Blitz,2,15,12,61
2059,2047,Bullet,7,12,23,23
1816,1877,Blitz,3,21,22,11
1585,1555,Rapid,8,18,7,6
1450,1386,Bullet,4,20,9,25
963,1029,Bullet,0,5,33,4
1795,1803,Bullet,11,13,15,30
2431,2279,Bullet,17,17,3,50
1960,1940,Bullet,26,26,13,27
1988,1998,Bullet,6,23,16,22
2531,2478,Bullet,28,63,29,3
1517,1596,Bullet,0,9,44,16
2025,2023,Bullet,2,15,23,40
1969,1984,Bullet,2,17,16,24
1159,1194,Bullet,5,7,12,29
2152,2215,Bullet,4,20,22,14
1822,1809,Bullet,6,19,8,30
1652,1624,Bullet,0,21,4,41
1910,1884,Bullet,4,29,11,1
2048,2059,Bullet,3,13,25,68
2026,2038,Bullet,9,28,10,8
905,893,Blitz,0,5,10,43
2266,2401,Bullet,2,11,16,15
1711,1705,Blitz,18,8,13,32
2153,2117,Bullet,1,6,21,78
701,797,Rapid,1,1,11,25
1393,1362,Rapid,21,24,10,27
1143,1226,Rapid,5,4,17,23
848,878,Rapid,8,6,12,24
994,1092,Rapid,4,18,59,116
1455,1447,Rapid,1,10,11,49
1422,1445,Rapid,8,20,6,69
1983,1927,Bullet,4,17,60,10
1638,1653,Bullet,4,8,13,28
1982,2047,Bullet,13,10,20,3
2469,2703,Blitz,15,43,15,2
1971,1959,Blitz,13,43,29,6
1665,1705,Bullet,3,4,2,58
2493,2518,Bullet,17,20,12,4
1723,1658,Blitz,41,49,5,18
1886,1892,Blitz,11,19,28,18
2127,2056,Blitz,0,10,28,7
1869,1817,Blitz,9,17,6,2
2086,2056,Blitz,77,67,8,8
1763,1788,Blitz,20,45,20,21
2054,2030,Blitz,2,23,17,9
1331,1268,Blitz,8,13,15,29
1381,1441,Blitz,1,25,9,5
973,931,Blitz,2,12,17,36
1791,1806,Blitz,5,19,8,2
1555,1617,Blitz,13,22,2,1
1530,1477,Blitz,3,19,6,37
1145,988,Blitz,2,12,14,26
1372,1530,Bullet,0,6,26,107
1540,1560,Bullet,3,19,23,10
1989,2036,Bullet,4,18,25,22
1918,1798,Bullet,5,25,27,15
1679,1683,Bullet,13,22,8,23
1521,1514,Bullet,1,25,3,43
2104,2102,Bullet,6,23,5,2
2070,2060,Bullet,0,3,14,5
1616,1609,Bullet,2,14,24,81
1195,1219,Bullet,6,35,15,8
1357,1381,Bullet,4,6,11,42
1148,1086,Bullet,11,8,3,8
1751,1729,Bullet,12,25,21,43
1036,1025,Bullet,4,13,3,6
1974,2018,Bullet,15,22,15,70
1473,1403,Bullet,9,13,1,10
1759,1784,Bullet,5,16,6,35
1659,1641,Bullet,12,31,19,22
1580,1549,Bullet,9,19,15,24
1091,1033,Blitz,2,12,0,40
1719,1698,Blitz,2,15,28,27
2174,2198,Bullet,2,14,13,46
1886,1906,Blitz,9,36,13,6
1241,1305,Blitz,1,5,14,19
2089,2112,Blitz,1,18,20,29
2046,2049,Blitz,2,8,15,31
1503,1492,Blitz,2,14,14,26
809,940,Blitz,1,5,2,5
1934,1912,Blitz,5,7,7,3
1335,1349,Blitz,3,22,17,18
1819,1860,Blitz,0,6,7,5
1381,1377,Blitz,4,36,37,31
1179,1180,Blitz,3,12,7,15
1947,1976,Blitz,45,42,33,27
1623,1606,Blitz,0,15,4,38
1800,1933,Blitz,12,21,4,16
1724,1634,Blitz,2,10,16,47
1473,1447,Blitz,15,38,22,5
2203,2310,Bullet,4,36,27,41
1698,1698,Bullet,0,13,6,8
1994,2007,Bullet,6,16,43,62
2187,2201,Bullet,16,35,25,26
1875,1573,Classical,4,17,35,23
1303,1289,Bullet,3,6,0,2
1387,1351,Bullet,13,21,23,12
2337,2220,Bullet,14,20,16,2
1519,1565,Bullet,4,19,13,15
1592,1627,Bullet,6,28,14,0
1764,1716,Bullet,33,30,17,1
1792,1766,Bullet,7,22,42,58
1487,1506,Bullet,10,10,24,43
1266,1231,Bullet,9,18,27,3
1284,1272,Bullet,10,27,5,7
1681,1690,Bullet,2,12,3,8
1455,1460,Bullet,3,29,5,33
1925,1888,Bullet,5,25,8,3
2161,2630,Bullet,16,16,20,18
1779,1900,Blitz,1,6,23,2
944,536,Blitz,0,0,0,0
952,1123,Blitz,0,0,0,0
1531,1022,Blitz,0,1,0,0
1103,1088,Bullet,0,14,5,26
2165,2153,Bullet,14,35,36,42
2154,2005,Bullet,4,21,34,6
2002,2064,Blitz,7,9,15,5
1966,1939,Blitz,1,6,19,6
1615,1639,Blitz,0,25,17,29
1817,1844,Blitz,1,6,12,23
1111,1194,Blitz,7,16,7,18
1447,1503,Blitz,2,4,15,49
1679,1674,Blitz,4,21,35,52
1492,1505,Blitz,2,27,35,74
1970,2002,Blitz,11,23,0,56
2144,2025,Bullet,12,17,12,40
2258,2224,Bullet,12,31,32,14
2261,2153,Bullet,8,9,16,108
1846,1892,Bullet,10,22,23,32
1953,1831,Bullet,3,15,31,22
1771,1866,Bullet,5,11,14,27
1993,1496,Bullet,3,12,34,10
1269,1896,Bullet,2,13,28,11
1712,1730,Bullet,3,28,27,6
1400,1382,Bullet,1,6,9,32
1992,1961,Bullet,6,8,5,22
2426,2422,Bullet,3,13,16,54
2301,2335,Bullet,7,8,16,69
2368,2405,Bullet,26,28,19,30
2011,2053,Bullet,19,32,32,13
1795,1797,Bullet,4,7,0,66
2199,2170,Bullet,9,23,30,60
1855,1855,Bullet,11,12,26,15
1784,1747,Bullet,0,10,18,22
1906,1946,Bullet,21,24,19,7
2207,2210,Bullet,2,26,16,37
1374,1337,Bullet,8,23,19,8
1527,1561,Bullet,0,5,11,40
1938,1859,Bullet,2,10,9,2
1947,1957,Bullet,7,10,8,27
1534,1532,Blitz,12,13,11,10
1214,1198,Blitz,3,27,5,11
1894,1859,Blitz,12,14,19,70
1010,1007,Blitz,11,19,13,65
1899,1826,Blitz,3,33,18,40
664,758,Blitz,8,6,21,15
1018,1106,Blitz,7,9,18,70
1727,1750,Blitz,4,19,24,27
1469,1478,Blitz,8,40,26,13
1136,1200,Blitz,21,19,13,6
1254,1351,Blitz,5,19,33,73
982,781,Blitz,0,11,8,25
1359,1380,Blitz,2,9,4,28
1399,1416,Blitz,7,11,0,16
1455,1468,Blitz,42,9,31,49
1695,1694,Blitz,4,23,17,23
1438,1425,Blitz,12,32,51,35
1640,1661,Blitz,5,10,13,20
1914,1989,Blitz,0,6,19,81
1523,1505,Blitz,1,10,17,39
1223,1247,Blitz,1,10,35,44
1711,1754,Bullet,19,13,6,20
2123,2141,Bullet,3,15,18,13
1392,1373,Bullet,5,14,24,19
1691,1703,Bullet,5,5,20,12
1696,1681,Bullet,5,12,21,14
1466,1567,Bullet,8,16,17,29
1207,1211,Bullet,3,5,3,41
2482,2497,Bullet,6,16,14,7
2377,2439,Bullet,46,18,28,54
1932,1935,Bullet,5,7,7,4
1350,1321,Bullet,0,4,3,57
1879,1868,Bullet,1,5,5,14
1840,1768,Bullet,0,10,31,11
2191,2145,Bullet,14,18,13,2
1578,1604,Bullet,15,18,3,4
1607,1611,Bullet,21,19,4,6
1415,1447,Bullet,5,20,0,53
1990,2000,Blitz,7,11,0,4
1145,1085,Blitz,7,20,40,88
1531,1528,Blitz,6,7,4,3
1736,1727,Blitz,9,33,10,9
2154,2275,Blitz,10,40,13,7
1721,1711,Blitz,15,25,3,9
1617,1600,Blitz,8,24,42,15
1975,1946,Blitz,3,17,5,8
1647,1706,Blitz,15,11,3,1
1406,1426,Blitz,17,25,40,57
1585,1564,Blitz,0,18,22,82
2081,2107,Blitz,2,18,5,8
1391,1306,Blitz,15,21,22,53
1682,1658,Bullet,6,25,15,17
1785,2185,Blitz,12,43,27,41
2019,2047,Bullet,12,18,42,37
1774,1790,Blitz,3,9,3,24
2054,1957,Bullet,2,23,0,12
1179,1176,Bullet,3,21,33,15
1639,1615,Bullet,7,17,13,54
1995,1994,Bullet,5,17,24,47
1876,1833,Bullet,9,26,7,16
1937,1883,Bullet,6,15,19,29
1987,2087,Bullet,9,29,37,7
2121,2120,Bullet,3,3,21,26
1385,1316,Bullet,6,9,4,2
1497,1523,Bullet,13,39,28,56
1478,1459,Bullet,1,7,5,4
1159,1169,Bullet,1,13,45,17
2149,2174,Bullet,22,42,28,6
1559,1558,Bullet,7,16,14,65
1733,1753,Bullet,8,28,37,8
1943,1974,Bullet,1,20,7,32
1826,1715,Bullet,8,7,0,42
1666,1688,Bullet,0,21,21,9
1568,1612,Bullet,2,16,12,35
1242,1221,Bullet,12,16,7,12
1691,1693,Bullet,10,15,14,18
1777,1918,Blitz,4,17,15,12
1183,1046,Blitz,11,24,7,27
1607,1623,Blitz,1,7,42,4
1667,1663,Blitz,3,16,23,7
2165,2169,Blitz,8,22,24,46
1965,1930,Blitz,3,22,9,18
2286,2206,Blitz,24,20,60,18
2375,2318,Blitz,10,21,37,1
2016,2063,Blitz,14,27,27,4
1543,1553,Blitz,8,10,15,8
1999,2084,Blitz,8,19,4,4
1776,1730,Blitz,0,7,10,23
2348,2304,Bullet,0,17,1,2
1965,1969,Bullet,12,17,9,40
2022,1981,Bullet,8,15,12,43
1825,1824,Bullet,13,21,13,30
1185,1057,Bullet,1,7,13,27
1571,1588,Bullet,6,25,26,1
1848,1832,Bullet,7,15,3,12
1890,1890,Bullet,3,6,16,2
1414,1409,Bullet,9,11,1,57
1390,1381,Bullet,3,13,14,10
1705,1723,Bullet,7,30,14,25
1358,1346,Bullet,4,18,1,48
1101,1073,Blitz,2,8,13,16
1663,1746,Blitz,1,5,16,14
968,871,Blitz,0,13,7,13
1357,1326,Blitz,7,7,19,57
1257,1238,Blitz,9,15,8,28
1562,1511,Blitz,4,30,42,45
1385,1410,Blitz,1,24,18,15
1585,1812,Blitz,2,5,1,11
1804,1810,Blitz,49,66,16,7
1775,1802,Blitz,13,33,26,28
1123,1243,Blitz,7,12,4,4
1579,1590,Blitz,4,18,24,28
1490,1465,Blitz,15,18,21,10
1379,1373,Blitz,5,18,5,32
1552,1520,Blitz,10,15,3,0
1612,1747,Blitz,20,38,18,22
1299,1298,Blitz,13,39,19,29
1354,1335,Blitz,1,19,13,34
1977,1909,Blitz,14,7,6,0
2015,1918,Blitz,12,11,3,73
1816,1811,Blitz,10,26,11,5
1053,928,Blitz,7,12,16,14
1891,1915,Blitz,11,23,66,57
2080,2034,Blitz,79,28,42,62
1466,1467,Blitz,2,5,37,31
1455,1455,Blitz,8,22,6,16
1578,1500,Blitz,5,18,6,8
873,917,Blitz,3,16,0,14
1752,1741,Blitz,18,13,9,6
1582,1612,Blitz,19,12,1,29
1293,1186,Blitz,4,5,0,15
1470,1488,Blitz,7,3,25,29
2078,2044,Blitz,11,24,21,0
1305,1316,Blitz,1,8,46,35
2294,2271,Blitz,1,25,15,100
1686,1642,Blitz,1,8,28,54
1522,1502,Blitz,2,12,30,12
1208,1216,Bullet,4,10,35,7
1543,1557,Bullet,2,15,20,82
1575,1568,Bullet,18,4,14,37
1793,1775,Bullet,7,19,15,52
1133,1122,Bullet,6,20,3,20
1919,1939,Bullet,1,9,11,84
1656,1647,Bullet,2,17,16,32
1555,1710,Bullet,1,16,23,66
1825,1798,Bullet,0,7,28,72
2331,2394,Bullet,11,40,17,8
1608,1710,Bullet,1,17,20,47
1600,1636,Bullet,2,18,14,28
1171,1205,Bullet,2,3,1,76
1086,1081,Bullet,36,33,14,3
2079,2197,Bullet,3,23,50,42
2015,1984,Bullet,91,31,17,2
989,1017,Bullet,4,12,14,2
1698,1662,Bullet,1,18,10,57
2057,2047,Bullet,4,21,10,8
1440,1412,Bullet,17,11,16,14
1396,1218,Bullet,18,12,9,33
1920,2110,Blitz,8,9,16,16
1951,2116,Blitz,6,33,28,4
1782,1795,Blitz,12,26,11,4
1731,1797,Blitz,7,15,14,38
1129,1431,Blitz,0,11,6,1
1002,903,Rapid,3,11,11,47
1556,1579,Blitz,19,13,2,16
2226,2345,Blitz,8,24,13,45
1518,1514,Blitz,5,11,18,6
1337,1278,Blitz,7,11,1,98
1448,1489,Blitz,2,21,30,52
1388,1383,Blitz,9,15,1,2
1958,2095,Blitz,13,26,23,4
1816,1808,Blitz,8,55,47,21
1218,1262,Blitz,4,16,11,30
1070,977,Blitz,13,15,0,35
1463,1446,Bullet,6,18,14,27
2105,2017,Bullet,6,23,13,37
2073,1989,Bullet,6,45,38,7
2138,2234,Bullet,9,6,2,44
1956,1715,Bullet,0,11,3,23
1856,1988,Bullet,0,3,4,2
1806,1707,Bullet,4,8,13,50
1599,1707,Bullet,5,25,8,6
1450,1755,Bullet,4,9,8,29
1255,1153,Rapid,1,15,12,37
1370,1436,Bullet,8,11,36,27
1984,2013,Bullet,10,12,18,3
2179,2163,Bullet,12,13,4,23
1173,1227,Bullet,4,9,0,2
1810,1836,Bullet,43,18,8,1
1571,1602,Bullet,5,16,7,18
2330,2418,Bullet,8,20,15,4
778,881,Bullet,8,10,7,13
1281,1252,Bullet,15,14,12,13
2096,2076,Bullet,13,34,24,4
1292,1313,Bullet,11,7,0,36
1388,1366,Bullet,1,20,38,38
1336,1326,Bullet,5,9,1,19
1788,1794,Bullet,16,21,8,44
2262,2215,Bullet,6,30,14,1
2030,2036,Bullet,9,23,9,19
1456,1428,Bullet,4,5,9,30
2482,2617,Bullet,13,21,32,14
1191,1161,Bullet,0,15,13,5
1229,1331,Bullet,4,26,34,80
1752,1733,Bullet,20,21,6,59
1662,1606,Bullet,4,31,18,11
1401,1327,Bullet,13,21,22,10
1545,1548,Bullet,1,9,2,12
2201,2118,Bullet,4,24,24,40
1997,1875,Bullet,1,5,8,2
2277,2218,Bullet,14,15,32,44
2076,2095,Bullet,14,20,2,14
1736,1730,Bullet,9,17,11,24
1549,1567,Bullet,3,12,5,10
1851,1941,Bullet,25,26,40,7
1498,1438,Bullet,1,16,11,69
1766,1764,Bullet,0,8,9,8
1777,1779,Bullet,9,14,10,79
1581,1531,Bullet,3,19,12,12
1741,1730,Bullet,7,14,17,55
1652,1666,Blitz,5,20,15,2
2210,2329,Blitz,18,18,33,45
1703,1764,Blitz,1,15,19,6
1982,1944,Blitz,0,13,24,46
1002,1013,Blitz,3,9,6,24
1046,1162,Blitz,0,7,19,22
1583,1583,Blitz,11,14,11,2
1555,1531,Blitz,2,30,17,5
1367,1350,Blitz,3,12,8,6
1590,1643,Blitz,7,8,8,44
1987,2119,Blitz,11,21,3,6
1807,1801,Blitz,6,8,20,49
968,1017,Blitz,6,6,15,12
778,789,Blitz,0,10,7,29
1204,1277,Blitz,4,22,9,26
1985,1983,Blitz,2,16,16,12
1923,1913,Blitz,10,17,44,21
1690,1670,Blitz,1,9,13,2
1035,1088,Blitz,1,10,0,42
1494,1391,Blitz,0,14,10,114
1867,1868,Bullet,5,11,0,75
1465,1460,Bullet,7,15,6,67
2122,2236,Bullet,3,9,16,23
1419,1333,Bullet,7,16,3,54
1844,1837,Bullet,2,12,2,38
2436,2429,Bullet,6,28,20,15
1790,1776,Bullet,7,18,8,18
1428,1445,Bullet,8,15,23,17
1671,1665,Bullet,1,6,35,47
1551,1461,Bullet,7,19,28,9
1240,1313,Bullet,4,10,8,16
1950,1945,Bullet,7,31,18,4
1596,1560,Bullet,6,26,22,0
2555,2633,Bullet,11,15,9,89
2277,2362,Bullet,2,28,34,25
1971,1951,Bullet,0,7,1,47
1756,1772,Bullet,3,16,6,2
1996,2022,Bullet,10,23,39,7
1985,1947,Bullet,6,22,44,25
2028,2332,Bullet,0,6,4,44
1746,1998,Bullet,12,14,4,52
1433,1553,Bullet,0,9,4,15
1869,2058,Blitz,10,21,13,44
2021,1922,Bullet,11,16,18,20
1902,1890,Bullet,2,15,20,17
1479,1514,Bullet,9,17,3,2
2131,2100,Bullet,36,29,9,12
1856,1881,Bullet,5,23,24,21
1088,1093,Bullet,5,22,8,26
1061,1114,Bullet,10,10,24,7
1625,1583,Bullet,3,9,2,2
1287,1164,Bullet,7,10,3,4
1006,1040,Bullet,5,16,12,44
1152,1197,Blitz,0,10,13,14
2194,2173,Bullet,11,26,11,12
2180,2198,Bullet,4,21,22,22
1477,1459,Blitz,3,14,9,18
560,662,Blitz,6,8,15,81
1962,1897,Blitz,1,10,12,29
801,781,Blitz,1,5,17,75
1554,1540,Blitz,8,20,26,84
1631,1642,Blitz,9,23,20,8
2029,1985,Blitz,0,19,11,29
1389,1354,Blitz,10,28,4,6
1656,1679,Blitz,10,14,49,23
1126,1056,Blitz,5,10,0,2
1784,1846,Blitz,8,31,25,28
2206,2272,Bullet,6,42,12,40
1592,1598,Bullet,8,20,4,9
1843,1865,Bullet,0,3,17,4
2224,2241,Bullet,7,24,21,26
1737,1761,Bullet,14,43,19,9
1546,1521,Rapid,1,7,11,15
1765,1752,Rapid,7,14,7,0
1696,1673,Rapid,3,24,30,10
1511,1451,Rapid,0,8,9,53
1388,1395,Bullet,1,23,15,11
1990,1925,Bullet,10,22,24,40
1308,1300,Bullet,8,15,29,25
2323,2359,Bullet,7,6,5,15
1326,1366,Bullet,9,16,3,30
1263,1251,Bullet,4,27,18,7
1573,1562,Bullet,6,17,15,7
2007,2010,Bullet,7,27,52,3
1788,1857,Bullet,0,19,1,74
1691,1686,Bullet,24,26,13,5
2159,2279,Bullet,14,46,20,4
2024,2018,Bullet,29,30,8,14
2088,2049,Bullet,15,12,20,65
1452,1435,Bullet,5,9,2,70
1680,1613,Bullet,7,13,9,56
1486,1474,Bullet,1,2,20,37
2113,2197,Bullet,1,26,41,26
2705,2529,Bullet,3,11,29,2
1767,1724,Blitz,0,0,0,0
1733,1720,Blitz,20,35,37,5
1943,1915,Blitz,11,29,31,12
1809,1393,Blitz,5,10,6,16
1733,1895,Blitz,3,20,3,0
1636,1872,Blitz,0,0,0,0
1671,1767,Bullet,4,15,19,43
1984,2039,Bullet,8,29,27,41
1857,2172,Bullet,1,13,14,78
1927,1669,Bullet,1,9,9,56
2189,2058,Bullet,12,10,11,73
2027,1780,Bullet,10,26,34,1
1526,1609,Blitz,28,32,31,18
1925,1971,Blitz,9,17,4,10
1506,1435,Blitz,5,22,32,78
949,957,Blitz,8,21,29,29
1851,1898,Blitz,6,26,20,46
1223,1224,Blitz,6,10,22,21
2100,2056,Blitz,17,36,12,0
1318,1341,Blitz,3,20,9,90
1392,1355,Blitz,4,22,11,63
1768,1759,Blitz,12,14,2,2
1686,1622,Blitz,5,6,12,4
1103,1144,Blitz,21,26,8,25
1201,1208,Blitz,4,4,1,21
1780,1770,Blitz,45,30,15,2
2029,1186,Bullet,1,8,22,36
1975,1977,Bullet,2,21,7,9
1875,1900,Bullet,14,17,20,11
2039,2038,Bullet,13,8,3,2
2218,2167,Bullet,3,20,15,37
1639,1643,Bullet,4,11,2,21
2026,2020,Bullet,18,25,30,48
1551,1591,Bullet,7,12,25,33
2097,2108,Bullet,1,20,7,2
2081,2155,Bullet,7,27,29,15
1454,1440,Bullet,3,6,0,98
1052,1109,Bullet,1,17,8,17
1938,1904,Bullet,2,11,8,12
1535,1602,Bullet,24,18,18,27
1415,1410,Bullet,2,17,16,5
2028,2033,Bullet,15,23,19,12
1867,1868,Blitz,4,20,19,4
1875,1884,Blitz,1,20,13,86
1373,1386,Blitz,5,20,13,9
1575,1544,Blitz,7,6,5,2
1000,953,Blitz,5,13,9,15
1017,1040,Blitz,8,16,16,25
1904,1889,Blitz,0,1,22,4
1958,1937,Blitz,7,18,13,2
1635,1670,Blitz,13,25,11,27
1032,1044,Blitz,0,7,13,15
2004,2028,Blitz,9,19,18,8
1191,1209,Blitz,2,10,22,44
1723,1754,Blitz,2,9,40,3
2098,2085,Blitz,4,10,5,29
1343,1354,Blitz,1,4,0,72
1088,1085,Blitz,3,10,9,5
1415,1422,Blitz,9,10,0,62
1867,1904,Bullet,6,7,6,0
2572,2479,Bullet,32,46,46,17
1749,1848,Blitz,4,10,12,3
1973,1961,Bullet,4,35,25,1
1919,1916,Bullet,2,15,13,31
1287,1280,Bullet,1,6,2,57
2324,2319,Bullet,7,21,4,18
2372,2371,Bullet,13,37,3,58
1139,1170,Bullet,1,8,20,39
2044,1987,Bullet,13,13,14,83
2862,2869,Bullet,22,28,9,6
1582,1584,Bullet,3,16,15,5
2188,2220,Bullet,17,34,22,13
2539,2425,Bullet,8,5,18,21
2075,2171,Bullet,6,19,21,6
1873,1870,Bullet,1,21,7,4
1713,1711,Bullet,16,26,9,8
1786,1732,Bullet,3,20,1,28
910,961,Bullet,11,11,0,39
1446,1561,Bullet,10,23,11,13
895,979,Bullet,2,8,1,22
1940,1859,Blitz,3,31,32,0
2070,1255,Blitz,1,12,7,3
1847,1491,Blitz,8,10,7,27
2011,1719,Blitz,10,19,4,17
1908,2030,Blitz,2,13,23,14
1810,1798,Blitz,9,34,4,22
1870,1630,Blitz,5,34,5,6
1835,1799,Bullet,6,21,21,0
1674,1723,Bullet,8,26,37,4
1913,1822,Bullet,5,7,32,18
2210,2127,Bullet,7,13,2,18
1066,1031,Bullet,8,20,8,6
1561,1558,Bullet,6,30,18,20
946,956,Bullet,1,16,9,19
2036,2001,Bullet,5,14,5,10
1474,1480,Bullet,10,25,10,12
1986,1914,Bullet,11,19,3,46
1423,1424,Bullet,9,18,9,5
1542,1500,Bullet,10,21,10,6
2051,2053,Bullet,13,24,26,22
2102,2124,Bullet,8,34,25,2
1585,1593,Bullet,5,25,4,10
1396,1383,Bullet,2,7,4,80
1329,1341,Bullet,10,4,9,2
1972,2034,Bullet,1,4,21,24
2013,1917,Bullet,18,19,24,17
1060,1017,Bullet,5,20,5,44
1305,1312,Bullet,4,14,4,68
2202,2219,Bullet,11,24,24,75
1526,1510,Bullet,18,24,15,48
1839,1796,Bullet,6,11,4,4
1911,1915,Bullet,20,27,7,3
2277,2267,Bullet,42,44,21,23
2100,2092,Bullet,9,27,8,4
1886,1891,Bullet,3,20,1,11
1814,1815,Blitz,5,29,27,5
1500,1365,Blitz,6,21,5,26
1608,1609,Blitz,21,14,16,6
1215,1098,Blitz,3,6,20,12
924,940,Blitz,2,4,14,25
1573,1571,Blitz,8,14,0,5
1450,1396,Blitz,8,22,14,7
1625,1628,Blitz,9,28,34,17
1500,1513,Blitz,2,33,24,12
1477,1459,Blitz,16,17,22,10
1092,1113,Bullet,20,13,18,27
1697,1735,Bullet,15,27,26,5
1912,1941,Unknown,6,20,14,30
1083,1080,Blitz,3,25,22,34
1156,1141,Blitz,10,19,10,12
867,866,Blitz,1,2,2,44
1284,1296,Blitz,11,10,34,31
1375,1368,Blitz,8,24,19,16
1554,1502,Blitz,5,11,9,9
1720,1683,Blitz,13,28,18,30
1676,1628,Blitz,4,20,9,31
2048,2014,Blitz,13,8,44,21
1833,1817,Blitz,22,41,18,4
1050,1054,Blitz,2,6,24,41
927,899,Blitz,6,11,14,0
1305,1357,Blitz,7,22,15,15
1809,1724,Blitz,3,8,8,18
1995,1987,Blitz,7,21,9,0
1589,1582,Bullet,9,23,10,8
1685,1655,Rapid,9,13,14,34
1384,1415,Rapid,11,12,0,91
1484,1551,Rapid,4,9,0,68
622,843,Rapid,2,19,0,2
1985,2009,Rapid,7,23,7,4
1799,1826,Rapid,1,19,16,11
2488,2586,Bullet,28,42,17,6
2172,1812,Bullet,11,17,7,30
1939,2124,Bullet,20,31,30,17
1962,1975,Bullet,17,17,27,54
1752,1958,Bullet,10,12,1,33
2239,1990,Bullet,9,21,27,62
2193,1784,Bullet,17,17,14,7
2135,1754,Bullet,2,11,20,20
1863,1891,Bullet,2,17,50,24
1712,1957,Bullet,2,17,13,48
1763,2113,Bullet,3,22,5,38
1768,1473,Bullet,3,5,3,2
1715,1559,Bullet,19,4,11,58
1413,1750,Bullet,3,10,6,43
1996,1984,Bullet,11,31,5,7
1669,1648,Blitz,19,32,54,46
2448,2619,Bullet,5,39,13,15
1853,1857,Bullet,3,11,15,86
1146,1120,Bullet,5,15,4,16
1812,1814,Bullet,2,9,7,25
2296,2357,Bullet,4,20,28,16
1843,1751,Bullet,11,40,28,5
1082,986,Bullet,4,9,13,33
1821,1837,Bullet,9,6,22,41
1798,1810,Bullet,2,10,5,56
1404,1470,Bullet,8,11,20,11
1638,1664,Bullet,7,12,29,5
1318,1316,Bullet,15,8,2,39
2433,2394,Bullet,2,9,27,31
1550,1555,Bullet,6,22,12,57
1509,1494,Bullet,8,7,30,30
829,887,Rapid,6,40,26,43
1501,1367,Rapid,5,13,2,7
1945,1878,Rapid,5,10,31,4
767,642,Blitz,6,12,13,11
2005,2077,Blitz,5,26,7,9
1776,1775,Blitz,12,32,34,20
1416,1419,Blitz,40,48,21,26
1357,1272,Blitz,1,14,12,16
1835,1895,Blitz,0,12,4,15
1638,1625,Bullet,1,17,23,10
1425,1406,Bullet,1,9,3,36
1857,1862,Bullet,0,17,6,2
1275,1205,Bullet,5,14,7,48
2137,2205,Bullet,6,21,10,21
2563,2568,Bullet,6,23,14,20
2236,2205,Bullet,13,13,10,82
1341,1347,Bullet,6,15,26,9
1509,1622,Bullet,11,15,3,12
2162,2169,Bullet,17,28,31,29
1098,1146,Bullet,7,21,5,9
2272,2242,Bullet,4,7,14,7
2009,1906,Bullet,11,26,54,11
1697,1642,Bullet,1,13,2,13
1781,1702,Bullet,13,28,6,22
1289,1359,Bullet,0,4,0,42
957,961,Blitz,4,3,6,12
1546,2119,Blitz,3,35,22,33
1996,1998,Blitz,58,46,3,2
1876,1635,Blitz,12,30,36,3
1992,1581,Blitz,9,9,10,45
1436,1438,Blitz,5,21,3,26
1696,1692,Blitz,0,15,1,0
1338,1353,Blitz,6,23,19,3
615,667,Blitz,7,8,4,2
1016,1023,Blitz,3,3,4,4
1591,1610,Blitz,31,25,34,12
1448,1534,Blitz,5,9,7,14
2038,1995,Blitz,0,13,1,2
1629,1656,Blitz,5,13,26,57
1416,1421,Blitz,72,30,14,14
2130,2136,Blitz,3,10,12,5
1580,1572,Blitz,6,12,7,6
1741,1258,Bullet,0,4,4,3
1971,1986,Bullet,11,20,11,12
1165,1453,Bullet,0,4,8,2
2404,2297,Bullet,4,7,7,7
1991,2004,Blitz,7,13,9,4
1627,1549,Bullet,18,17,13,80
1446,1426,Blitz,16,31,22,25
1051,1001,Blitz,3,12,3,24
1288,1324,Blitz,2,14,0,64
1542,1495,Blitz,5,12,28,41
1466,1450,Blitz,2,29,23,7
1856,1871,Blitz,0,15,13,33
1634,1650,Blitz,16,23,8,17
1721,1710,Blitz,4,20,56,16
1380,1335,Blitz,0,9,2,18
1397,1410,Blitz,12,19,9,2
1578,1550,Blitz,5,13,6,47
2325,2362,Blitz,29,60,13,4
1625,1614,Blitz,14,41,12,0
1532,1533,Blitz,28,36,21,0
1282,1285,Blitz,22,41,3,3
1699,1676,Blitz,3,13,12,4
1186,1226,Blitz,16,15,8,19
2241,2098,Blitz,12,26,24,14
2238,2279,Bullet,4,22,22,18
2205,2148,Bullet,5,9,26,71
1568,1569,Blitz,0,3,20,33
1765,1775,Bullet,11,13,15,37
1797,1786,Bullet,10,18,3,38
1661,1653,Bullet,0,16,27,5
2477,2483,Bullet,7,19,15,14
2179,2174,Bullet,22,7,21,73
969,839,Bullet,3,15,18,11
2150,2067,Bullet,0,12,12,23
1536,1573,Bullet,13,8,0,2
2304,2298,Bullet,15,21,2,16
1199,1227,Bullet,6,12,6,4
2035,1992,Bullet,2,6,25,66
1795,1711,Bullet,13,19,11,47
1407,1300,Bullet,4,8,5,29
2227,2243,Bullet,4,11,17,63
1458,1462,Bullet,1,5,1,56
1822,1836,Bullet,0,9,1,4
1448,1436,Bullet,15,26,5,30
1849,1802,Bullet,1,8,13,13
2275,2154,Bullet,10,20,49,1
1449,1522,Bullet,2,16,40,25
1917,2000,Bullet,20,16,2,16
1764,1826,Bullet,0,15,17,27
2370,2384,Bullet,7,27,17,30
1656,1647,Blitz,3,15,44,30
1387,1394,Blitz,1,14,5,44
1679,1734,Blitz,14,9,2,16
1410,1330,Blitz,10,3,2,0
1104,1022,Blitz,7,14,39,19
1749,1882,Blitz,6,9,0,4
1503,1500,Blitz,10,20,22,7
1543,1568,Blitz,15,20,24,17
1954,2009,Blitz,16,18,20,14
1811,1821,Blitz,3,25,14,45
1240,1170,Blitz,6,12,0,2
1937,1920,Blitz,4,21,13,2
1655,1668,Bullet,35,50,8,0
1610,1608,Bullet,6,24,8,33
1721,1714,Bullet,16,43,28,47
1491,1522,Bullet,30,31,8,2
968,969,Bullet,7,14,14,22
1601,1599,Bullet,1,14,14,9
2213,2190,Bullet,5,25,9,4
1649,1643,Bullet,1,11,12,13
1444,1444,Bullet,7,10,6,57
2218,2391,Bullet,13,19,29,22
1457,1420,Bullet,4,22,11,100
1406,1411,Bullet,27,28,25,13
1369,1271,Bullet,43,47,30,33
1230,1235,Bullet,20,11,25,11
1497,1495,Bullet,3,15,9,52
1993,1965,Bullet,3,17,24,19
1768,1786,Bullet,7,21,9,40
1762,1768,Bullet,11,16,0,0
2372,2199,Bullet,4,25,17,17
2016,2021,Bullet,1,2,8,47
1773,1771,Bullet,9,15,57,38
1851,1848,Bullet,13,80,28,1
2015,2009,Bullet,0,23,14,64
1908,1863,Bullet,6,24,30,39
1723,1713,Bullet,2,25,23,22
961,962,Bullet,4,4,4,4
997,992,Bullet,0,11,0,25
1800,1829,Bullet,14,23,29,98
1996,1963,Bullet,3,27,22,9
1425,1391,Bullet,5,15,30,6
1558,1459,Bullet,4,8,21,75
1111,1190,Bullet,2,5,16,32
1041,1078,Bullet,1,6,0,36
1840,1851,Bullet,10,29,11,3
2468,2422,Bullet,3,9,3,16
2070,2083,Bullet,13,34,17,3
2003,2031,Bullet,9,26,18,13
2559,2620,Bullet,14,24,19,45
1595,1607,Bullet,1,9,10,28
1894,1918,Bullet,1,15,37,48
1853,1887,Bullet,6,17,33,20
1692,1668,Bullet,13,18,26,2
1498,1487,Bullet,2,8,7,50
1393,1547,Blitz,8,8,11,63
2004,1994,Blitz,19,27,5,10
1668,1741,Bullet,7,22,7,34
1576,1556,Blitz,3,20,26,28
1225,1258,Blitz,4,16,3,21
1684,1644,Blitz,14,23,2,38
1803,1768,Blitz,1,6,0,2
1549,1526,Blitz,6,35,11,13
1555,1550,Blitz,6,8,10,56
1712,1754,Blitz,19,37,46,13
1423,1471,Blitz,5,12,4,8
1950,2001,Blitz,0,33,56,11
1817,1804,Blitz,11,56,21,0
1183,1147,Blitz,4,8,14,80
1908,1882,Blitz,9,17,14,15
2697,2366,Bullet,19,16,1,14
2414,2240,Bullet,19,20,18,3
2228,1752,Bullet,14,36,25,3
2268,2180,Bullet,6,31,57,4
2055,1881,Bullet,11,21,21,14
1747,2267,Bullet,5,13,4,8
1646,2010,Bullet,22,32,33,33
1856,1618,Bullet,12,26,6,23
2082,2004,Bullet,5,16,32,8
2148,2085,Bullet,7,11,43,29
2029,1970,Bullet,18,7,13,24
1755,1891,Bullet,3,23,29,18
1672,2071,Bullet,14,17,5,2
1872,1881,Bullet,2,16,21,59
1832,1833,Blitz,3,16,21,45
917,689,Rapid,7,16,7,22
1959,1986,Blitz,3,29,19,28
1719,1693,Blitz,4,12,14,4
1623,1587,Blitz,13,27,14,8
1958,1901,Blitz,9,19,0,4
1518,1402,Blitz,22,20,3,35
1233,1248,Blitz,14,19,4,2
1646,1689,Blitz,11,21,14,3
1382,1312,Blitz,3,14,32,33
1900,1899,Blitz,5,17,10,22
1815,1791,Blitz,16,20,22,40
1121,1167,Blitz,2,11,15,45
1754,1776,Blitz,2,20,11,59
1054,1052,Blitz,6,12,12,38
1606,1587,Blitz,3,32,28,14
1303,1351,Blitz,13,18,3,9
1816,1793,Blitz,10,17,10,4
1040,1026,Blitz,10,14,6,51
1476,1517,Blitz,17,16,17,25
2143,2134,Blitz,17,24,1,2
1917,1941,Blitz,3,9,4,34
1062,1066,Blitz,0,5,7,19
1791,1771,Blitz,6,18,15,18
1521,1552,Blitz,4,23,0,2
2046,2039,Bullet,2,17,12,1
2140,2128,Bullet,1,5,1,96
1313,1318,Bullet,8,19,5,37
1666,1669,Bullet,5,11,9,8
2237,2258,Bullet,15,58,17,14
838,860,Bullet,2,7,5,31
2199,2191,Bullet,6,27,30,23
1027,1102,Bullet,8,11,3,16
1577,1632,Bullet,6,24,15,1
1840,1817,Bullet,0,3,0,46
1910,1913,Bullet,2,3,22,43
1381,1424,Bullet,5,26,13,10
1930,1924,Bullet,5,11,3,76
1884,1884,Bullet,1,4,9,62
2075,2091,Bullet,1,21,13,35
1266,1519,Blitz,3,14,5,37
1529,1494,Rapid,0,10,15,24
1944,1930,Rapid,6,25,19,3
1728,1712,Rapid,10,21,9,26
1966,1956,Bullet,11,30,6,42
1676,1627,Blitz,18,49,27,4
1915,1851,Bullet,4,24,7,4
2067,1932,Blitz,4,16,5,7
1406,1373,Blitz,2,11,0,3
1499,1428,Blitz,22,43,18,31
1799,1842,Blitz,6,31,41,18
1145,1149,Blitz,2,6,3,110
1884,2022,Blitz,15,37,30,11
1537,1545,Blitz,1,0,10,5
943,828,Blitz,2,12,7,31
1353,1273,Blitz,2,5,11,20
1019,963,Blitz,1,5,11,12
1603,1684,Blitz,13,18,15,16
1747,1719,Blitz,6,9,5,1
2201,2228,Bullet,0,2,13,14
1743,1729,Blitz,19,31,11,4
2176,1272,Blitz,1,2,13,35
1624,1601,Bullet,1,23,10,31
1196,1274,Bullet,13,6,33,5
1281,1293,Bullet,7,4,11,29
2026,2056,Bullet,14,17,10,32
1678,1717,Bullet,1,1,4,69
1187,1129,Bullet,10,6,7,22
992,891,Bullet,10,12,1,22
2203,2174,Bullet,3,22,19,14
1781,1828,Bullet,2,5,21,36
2121,2111,Bullet,1,13,1,2
2089,2077,Bullet,9,18,37,5
1374,1351,Bullet,20,9,12,0
571,699,Bullet,9,12,0,13
2324,2305,Bullet,3,15,9,34
1443,1468,Bullet,0,8,2,41
2009,1955,Bullet,6,12,19,92
1866,1941,Bullet,5,20,15,29
2529,2461,Bullet,4,17,4,42
2957,2860,Bullet,0,18,13,16
2327,2220,Bullet,20,30,10,26
2096,2197,Bullet,3,24,12,20
1798,1799,Blitz,5,26,32,25
1245,1318,Blitz,5,13,2,52
1472,1505,Blitz,5,18,32,19
1634,1552,Blitz,52,57,15,1
1636,1754,Blitz,6,18,25,39
1722,1773,Blitz,6,15,1,76
1649,1652,Blitz,8,20,21,28
2019,2123,Blitz,7,7,12,2
1440,1429,Blitz,11,16,7,4
1716,1759,Blitz,4,22,22,0
1568,1553,Blitz,4,14,3,31
1882,1904,Bullet,4,24,16,21
2330,1851,Bullet,0,7,6,76
2163,2007,Bullet,20,43,12,27
1876,2081,Bullet,17,23,9,1
1851,1998,Bullet,21,17,6,31
1873,2171,Bullet,7,1,21,19
2475,2376,Bullet,8,21,4,8
1955,2001,Bullet,14,14,12,2
1910,1865,Bullet,4,10,9,53
2247,2184,Bullet,6,23,20,3
2141,1640,Bullet,7,9,10,37
1798,2028,Bullet,12,48,11,56
1703,1915,Bullet,9,9,11,20
1769,1694,Bullet,14,26,29,6
1723,1426,Bullet,6,22,16,8
1974,1891,Bullet,8,18,18,14
1906,2023,Bullet,2,12,23,31
1504,1719,Bullet,10,19,1,30
1370,1533,Bullet,8,17,12,21
1741,1753,Bullet,39,21,28,28
1907,1991,Bullet,0,6,8,42
1885,2018,Bullet,5,21,45,13
1959,2089,Bullet,2,3,32,15
1660,1875,Bullet,10,25,24,11
1564,1813,Bullet,32,17,15,42
1709,1549,Bullet,17,9,2,88
1770,1763,Bullet,0,14,4,51
1550,1613,Bullet,0,16,13,56
1834,1588,Bullet,1,14,14,72
1471,1769,Bullet,10,14,4,4
1070,800,Blitz,1,3,3,38
1662,1669,Bullet,15,22,3,20
1832,1822,Bullet,14,40,35,14
1223,1203,Bullet,4,5,6,18
1141,1117,Bullet,2,20,36,25
1572,1519,Bullet,5,11,25,39
1504,1517,Bullet,16,22,15,49
1720,1713,Bullet,12,19,1,3
1698,1687,Bullet,4,27,4,0
2017,2064,Bullet,5,25,19,19
1810,1775,Bullet,5,32,40,9
2157,2232,Bullet,10,41,16,5
1935,1949,Bullet,6,21,21,60
1438,1437,Bullet,4,9,16,37
2016,1958,Bullet,9,32,45,18
1446,1448,Bullet,1,4,10,52
1700,1705,Bullet,3,5,19,29
2422,2475,Bullet,17,36,17,28
1055,1099,Bullet,4,14,2,3
1308,1938,Bullet,2,15,15,58
1725,1517,Bullet,9,19,17,26
2276,1584,Bullet,4,24,25,22
1803,1876,Bullet,10,8,0,19
1805,1922,Bullet,21,45,27,17
2006,1722,Bullet,26,25,10,65
1831,2077,Bullet,5,27,14,48
1953,2066,Bullet,14,15,36,23
2543,2586,Bullet,7,14,11,23
2036,2017,Bullet,5,17,6,22
1185,1096,Blitz,12,15,27,56
1000,1003,Blitz,2,3,4,7
2078,2080,Blitz,8,12,19,48
1346,1465,Blitz,4,9,8,26
1068,1218,Blitz,3,16,11,72
1596,1585,Blitz,1,7,17,15
2642,2573,Bullet,8,22,2,80
1883,1893,Blitz,1,4,29,51
1749,1767,Blitz,6,11,14,48
1830,1835,Blitz,5,15,14,66
1603,1607,Blitz,4,11,14,13
1658,1641,Blitz,2,16,24,23
1148,1153,Blitz,9,11,12,7
2243,2108,Blitz,5,2,19,53
979,1022,Blitz,2,10,24,18
1537,1518,Blitz,14,32,25,22
1865,1786,Blitz,15,9,12,29
1451,1478,Blitz,15,26,17,19
2104,2065,Blitz,1,16,39,5
1681,1705,Blitz,1,13,13,73
1980,2062,Blitz,19,33,4,33
1210,1247,Blitz,2,18,9,46
1544,1572,Blitz,1,3,9,79
1590,1585,Bullet,1,37,33,17
1709,1654,Bullet,10,40,10,2
1370,1350,Bullet,10,26,7,43
1541,1567,Bullet,10,32,16,24
1808,1719,Bullet,1,4,8,25
1471,1435,Bullet,2,12,20,56
1319,1310,Bullet,5,13,14,73
1053,1088,Bullet,9,22,10,10
1943,1950,Bullet,7,25,25,8
1584,1597,Bullet,11,36,3,9
1824,1811,Bullet,6,10,10,26
2103,1991,Bullet,26,38,5,0
2164,2132,Bullet,13,20,18,47
1145,1193,Bullet,7,13,16,74
1206,1224,Bullet,6,12,19,4
1968,1970,Bullet,7,28,19,10
1521,1530,Bullet,4,5,19,55
1644,1621,Bullet,17,25,20,13
1885,1852,Bullet,1,28,11,22
1769,1783,Bullet,2,0,12,25
1662,1686,Bullet,12,19,24,7
1824,1805,Bullet,2,5,10,78
1915,1921,Bullet,7,19,16,11
1368,1388,Bullet,15,7,11,2
1934,1941,Bullet,2,11,6,6
2613,2617,Bullet,29,22,10,5
1737,1738,Bullet,9,10,11,13
1602,1692,Bullet,5,15,14,25
2036,2028,Bullet,19,39,26,1
1548,1545,Bullet,2,22,9,30
1635,1718,Bullet,12,26,22,68
1352,1303,Bullet,3,15,8,8
2009,2136,Bullet,1,32,31,41
969,819,Bullet,1,5,3,5
2218,1747,Bullet,2,20,17,90
1841,1853,Bullet,4,3,12,56
1843,1779,Bullet,2,4,18,68
1603,1631,Bullet,3,4,3,76
1287,1506,Bullet,4,8,13,7
1303,1684,Bullet,1,7,2,36
2185,1937,Bullet,1,9,8,4
1764,1744,Bullet,6,23,30,33
1941,1913,Bullet,3,25,12,32
1311,1405,Bullet,7,21,2,7
1012,1010,Bullet,2,6,19,38
1284,1297,Bullet,8,19,8,49
1808,1781,Bullet,13,25,26,0
1846,1858,Bullet,7,11,7,36
1540,1619,Bullet,6,38,14,6
1957,1962,Bullet,7,32,22,40
2353,2474,Bullet,6,15,7,10
2008,2107,Bullet,3,21,3,29
2258,2329,Bullet,48,34,31,23
816,972,Bullet,7,17,16,2
1509,1466,Bullet,3,19,6,24
1707,1650,Bullet,15,13,24,4
1578,1578,Bullet,17,19,11,9
593,695,Blitz,6,8,0,0
1929,1953,Blitz,9,26,14,12
1318,1308,Blitz,9,20,26,22
1212,1173,Blitz,3,19,11,5
808,851,Blitz,4,3,11,38
2018,1975,Blitz,6,23,7,4
1852,1856,Blitz,44,41,11,0
2125,2072,Blitz,8,14,21,26
1466,1401,Blitz,3,18,14,10
1766,1767,Blitz,44,32,13,20
1232,1235,Blitz,1,5,4,47
2146,2157,Blitz,5,16,61,37
1509,1538,Blitz,19,29,11,11
1671,1665,Blitz,5,18,6,8
1294,1201,Bullet,29,28,30,18
1634,1642,Bullet,19,11,14,43
1420,1446,Bullet,4,18,2,10
1459,1456,Bullet,6,12,9,28
2178,2185,Bullet,14,24,71,19
2096,2050,Bullet,3,2,5,6
1724,1758,Bullet,6,16,45,34
1501,1516,Bullet,2,17,42,12
1586,1597,Bullet,16,32,2,0
1999,1992,Bullet,12,54,10,0
1686,1723,Bullet,9,10,22,35
1842,1866,Bullet,8,26,7,12
1231,1269,Bullet,3,6,19,29
601,752,Bullet,3,18,1,28
1394,1277,Bullet,9,14,18,21
924,897,Bullet,1,8,8,36
1633,1605,Bullet,9,30,10,21
1892,1877,Bullet,22,25,7,36
1765,1824,Bullet,0,18,17,35
1653,1645,Blitz,17,25,38,18
1692,1698,Blitz,6,15,9,2
1933,1963,Blitz,4,37,18,55
2145,2145,Bullet,6,23,36,8
1965,1941,Bullet,3,17,23,28
887,867,Bullet,6,3,20,14
1928,1888,Bullet,1,6,15,7
1590,1625,Bullet,3,13,3,14
1233,1207,Bullet,3,6,10,17
2392,2464,Bullet,9,34,25,8
1924,1922,Bullet,13,47,42,43
1735,1789,Bullet,2,10,39,27
1730,1703,Bullet,5,6,8,61
2129,2008,Bullet,4,9,12,17
1341,1387,Bullet,4,18,3,4
1560,1587,Bullet,4,9,9,60
1912,1895,Bullet,3,28,34,3
1745,1769,Bullet,5,14,6,49
2272,2426,Bullet,2,26,10,7
1842,1823,Bullet,5,23,22,3
1172,1061,Bullet,2,29,15,79
1824,1878,Bullet,1,6,2,90
1597,1602,Bullet,12,26,21,23
2131,2298,Bullet,4,19,9,4
1295,1247,Bullet,4,15,8,28
2140,2149,Bullet,5,6,1,81
1965,1901,Blitz,3,16,41,12
2113,2164,Blitz,20,30,7,13
1040,1020,Blitz,3,14,11,31
1349,1371,Blitz,3,6,4,6
1658,1705,Blitz,5,12,8,31
2083,2017,Blitz,6,11,2,28
1281,1197,Blitz,6,10,34,65
1834,1749,Blitz,25,19,34,69
1715,1706,Blitz,24,33,16,5
977,858,Blitz,1,5,13,64
1833,1846,Blitz,7,23,3,38
1302,1304,Blitz,4,10,21,41
1723,1727,Blitz,4,10,2,20
1242,1223,Blitz,3,24,9,17
1422,1497,Blitz,19,34,9,0
1421,1355,Blitz,6,10,15,7
1765,1770,Blitz,1,7,1,53
730,857,Blitz,1,5,2,100
1792,1716,Bullet,2,11,25,31
2022,2025,Bullet,16,13,0,12
2379,2391,Bullet,1,11,32,27
2188,2195,Bullet,18,26,2,38
1478,1479,Rapid,10,29,9,22
1625,1615,Rapid,3,9,18,9
1467,1462,Rapid,0,14,15,19
900,767,Rapid,0,6,3,22
1231,1222,Rapid,5,23,8,7
1953,1992,Rapid,6,38,3,6
1414,1457,Rapid,4,16,1,2
1232,1236,Rapid,2,20,22,20
1013,1093,Rapid,2,8,14,38
1614,1608,Blitz,2,13,2,62
1856,1868,Blitz,11,11,12,12
1684,1663,Blitz,3,20,44,24
1280,1251,Blitz,7,10,19,16
1701,1701,Blitz,0,2,15,6
1689,1716,Blitz,2,27,32,51
2022,2087,Blitz,23,39,4,22
1320,1319,Blitz,0,6,2,90
1934,2004,Blitz,21,20,20,12
1736,1773,Blitz,12,19,12,12
1631,1658,Blitz,15,24,4,51
1464,1399,Blitz,38,56,34,28
1300,1294,Blitz,0,9,26,20
1500,1354,Blitz,0,9,29,13
1387,1389,Blitz,16,49,41,28
1374,1395,Blitz,2,33,15,23
937,996,Bullet,14,24,24,7
2374,2325,Bullet,11,18,36,26
1020,1055,Bullet,5,17,6,2
1321,1313,Bullet,2,9,4,4
1375,1420,Bullet,1,15,20,6
1684,1675,Bullet,4,15,6,7
1425,1432,Bullet,3,11,8,3
1231,1251,Bullet,6,10,12,10
1979,1982,Bullet,8,77,23,47
1950,1967,Bullet,21,31,25,13
1571,1665,Bullet,4,14,15,74
2179,2139,Bullet,6,13,24,14
1879,1884,Bullet,1,10,4,1
1853,1877,Bullet,5,12,5,2
1745,1864,Bullet,14,29,10,29
1742,1903,Bullet,23,43,13,24
1646,1738,Bullet,4,12,26,35
1951,1797,Bullet,1,40,45,6
1749,1830,Bullet,8,29,10,70
1890,1947,Bullet,14,23,18,80
1701,1502,Bullet,2,25,2,14
1493,1716,Bullet,14,17,0,38
1262,1338,Bullet,2,4,2,59
2017,2049,Bullet,11,25,16,7
1032,1144,Bullet,4,5,4,49
1572,1624,Bullet,4,11,14,33
958,1009,Bullet,13,30,13,11
2079,2102,Bullet,2,28,20,1
1610,1660,Bullet,9,27,7,35
2152,2173,Bullet,8,26,26,21
1493,1467,Bullet,10,13,19,45
1523,1544,Bullet,8,41,5,2
2251,2290,Bullet,21,40,23,34
1851,1827,Bullet,8,15,33,52
1765,1751,Bullet,6,22,31,0
1896,1945,Bullet,31,27,26,21
1973,1967,Bullet,15,26,1,2
1868,1886,Bullet,4,33,21,52
1773,1803,Bullet,5,31,11,28
1719,1700,Bullet,9,6,8,28
1695,1696,Bullet,1,14,32,9
2293,2201,Bullet,10,20,22,14
1111,1001,Bullet,3,10,8,73
1673,1664,Bullet,0,1,1,39
1251,1308,Bullet,9,10,18,74
1592,1579,Bullet,1,13,18,7
1566,1866,Bullet,0,14,20,28
1500,1552,Blitz,27,34,32,14
1262,1238,Bullet,4,2,20,36
1302,1307,Bullet,5,29,19,48
1395,1383,Bullet,0,10,22,40
1649,1980,Bullet,2,11,6,25
1349,1176,Blitz,5,16,11,9
1421,1357,Blitz,8,18,15,20
1447,1315,Blitz,9,18,4,78
1158,1162,Blitz,0,7,4,19
843,839,Blitz,0,6,0,3
2531,2225,Bullet,4,22,7,24
2372,2127,Bullet,3,7,29,10
2196,1988,Bullet,6,46,29,24
1800,1828,Bullet,7,19,3,15
1776,2055,Bullet,1,20,37,25
1780,2132,Bullet,27,42,8,1
1417,1461,Bullet,9,14,11,6
2615,1740,Bullet,6,17,2,2
2159,2221,Bullet,11,20,40,46
2014,1850,Bullet,3,11,26,29
1603,1690,Bullet,2,6,35,55
1108,1552,Bullet,9,17,17,7
3131,3123,Bullet,52,18,0,0
2275,2225,Bullet,12,19,1,16
2122,2163,Bullet,9,23,8,41
1431,1324,Bullet,7,16,9,30
2057,2068,Bullet,13,21,20,13
2281,2339,Bullet,8,13,13,45
1494,1450,Bullet,2,22,1,81
1868,1849,Bullet,32,19,6,33
2103,2083,Bullet,24,39,18,0
1757,1752,Bullet,7,7,8,15
1705,1706,Bullet,2,6,0,69
2458,2427,Bullet,10,34,25,22
1572,1509,Bullet,6,23,10,26
1815,1830,Bullet,4,14,9,14
1686,1703,Bullet,6,2,5,39
1206,1305,Bullet,2,11,27,13
2412,2382,Bullet,5,10,0,52
1891,1956,Bullet,0,11,20,30
1811,1843,Bullet,1,12,12,72
1937,1956,Bullet,7,7,32,39
2067,2059,Bullet,6,24,13,23
1522,1510,Bullet,12,13,19,10
2051,2032,Bullet,4,20,44,17
2030,2002,Bullet,0,31,19,1
1911,1903,Bullet,3,15,17,35
2051,2059,Bullet,8,13,42,4
2220,2251,Bullet,7,34,6,2
1362,1348,Bullet,11,35,15,15
2302,2277,Bullet,3,27,40,6
1959,1975,Bullet,10,17,13,80
1498,1404,Bullet,7,13,7,35
1986,1930,Bullet,43,23,20,4
1296,1329,Bullet,19,18,17,23
1752,1818,Blitz,9,21,21,27
1652,1631,Bullet,7,19,10,31
1223,1220,Blitz,7,10,0,2
1220,1210,Blitz,0,6,11,20
1946,1926,Blitz,20,39,25,34
1820,1846,Blitz,6,26,8,0
1354,1341,Blitz,5,18,15,41
1512,1408,Blitz,5,26,30,16
1526,1548,Blitz,5,12,9,32
1960,1981,Blitz,10,19,14,9
1677,1665,Blitz,41,22,20,26
1307,1189,Blitz,2,14,10,12
1164,1172,Blitz,0,7,4,1
1023,965,Blitz,2,15,18,56
1799,1776,Blitz,2,3,8,4
1809,1819,Blitz,8,14,1,24
1588,1583,Blitz,10,29,25,3
1986,1991,Blitz,3,7,19,12
1051,1145,Blitz,3,15,17,23
2814,2850,Bullet,8,11,13,81
1864,1833,Bullet,5,22,19,29
1452,1414,Blitz,9,12,11,62
1737,1713,Blitz,4,12,5,0
1971,1998,Blitz,11,25,13,20
1050,909,Blitz,2,5,1,2
1603,1526,Blitz,3,8,6,2
1781,1746,Blitz,8,8,20,1
1308,1364,Blitz,2,12,14,24
1474,1449,Blitz,22,16,0,4
2130,2118,Blitz,14,14,32,25
1263,1228,Blitz,5,25,13,17
1360,1375,Blitz,20,13,4,64
897,843,Blitz,1,13,8,37
1649,1625,Blitz,6,21,18,41
1101,1098,Blitz,8,16,0,3
1563,1521,Blitz,1,17,16,17
1983,1947,Blitz,21,57,12,37
1802,1773,Blitz,12,18,13,4
1410,1470,Blitz,11,28,13,26
2030,2171,Blitz,11,31,16,1
2018,2013,Blitz,18,37,6,10
1642,1625,Blitz,3,15,18,18
1183,1177,Blitz,13,23,10,19
729,728,Blitz,10,22,5,2
1374,1402,Blitz,5,17,1,0
1839,1835,Blitz,5,18,44,2
1676,1719,Blitz,10,22,14,44
1478,1481,Blitz,1,15,5,67
1008,934,Blitz,4,12,14,16
2016,2035,Bullet,2,16,8,6
1958,1974,Bullet,7,26,20,9
2037,2046,Bullet,2,9,31,31
1508,1576,Bullet,2,19,10,3
1478,1381,Bullet,0,7,14,52
2028,2028,Bullet,0,7,10,46
2375,2253,Bullet,3,22,6,6
846,984,Bullet,13,25,7,2
1872,1944,Bullet,1,3,29,16
1874,1935,Bullet,2,0,0,59
1807,1761,Bullet,1,6,22,58
1487,1402,Rapid,7,13,7,8
2441,2401,Bullet,9,36,49,18
2101,1889,Bullet,8,21,13,47
1173,1251,Blitz,35,55,47,39
1762,1822,Blitz,13,33,36,9
1166,1169,Blitz,2,13,2,88
858,824,Blitz,3,9,7,40
1932,1962,Blitz,5,17,25,19
1289,1353,Blitz,8,10,3,6
1467,1398,Blitz,13,29,23,27
1284,1276,Blitz,5,23,27,11
1075,1154,Blitz,4,10,42,36
1383,1364,Blitz,1,15,13,20
989,987,Blitz,3,16,3,50
1518,1487,Blitz,2,11,4,25
2084,2038,Bullet,8,8,7,0
1706,1752,Blitz,2,9,32,17
1067,1071,Blitz,4,7,10,45
1533,1513,Blitz,1,3,0,0
1429,1326,Blitz,6,30,15,38
1917,1915,Blitz,40,39,14,7
1574,1620,Blitz,4,15,17,14
1472,1512,Blitz,5,10,16,13
1212,1133,Blitz,1,8,0,7
1953,2051,Blitz,7,25,45,105
1034,902,Blitz,32,17,6,32
1554,1564,Bullet,3,6,15,39
980,1013,Blitz,2,4,1,4
1526,1460,Bullet,19,12,15,31
2103,2100,Bullet,31,41,6,39
2092,2083,Bullet,7,27,4,28
1404,1372,Bullet,10,20,4,4
1990,1979,Bullet,4,25,23,18
2237,2257,Bullet,2,14,25,23
2093,2068,Bullet,6,10,11,3
2205,2219,Bullet,18,28,18,5
1927,1829,Bullet,13,29,11,8
1533,1562,Bullet,17,29,38,5
2001,1997,Bullet,10,30,4,2
1021,1100,Bullet,4,9,5,8
1012,979,Bullet,7,14,4,14
1630,1767,Bullet,3,23,9,35
1099,1124,Bullet,3,19,17,17
2066,2062,Bullet,8,9,16,12
1429,1447,Bullet,5,11,0,28
1221,1214,Bullet,1,3,9,41
2057,1975,Blitz,5,20,18,1
2041,2077,Blitz,27,24,29,2
1834,2122,Blitz,2,8,4,42
1889,1734,Blitz,6,19,21,67
1581,1931,Blitz,2,17,15,1
1551,1887,Blitz,10,21,39,23
1933,1930,Bullet,6,9,20,35
1559,1550,Bullet,10,17,15,10
1844,1846,Bullet,2,31,26,14
1694,1721,Bullet,3,5,29,24
1490,1465,Bullet,2,8,4,50
1834,1825,Bullet,13,23,7,16
1443,1363,Bullet,3,22,4,28
2498,2655,Bullet,1,13,51,15
2075,2113,Bullet,14,21,36,32
2206,2263,Bullet,18,22,4,26
1679,1640,Bullet,15,29,11,23
1613,1613,Bullet,7,14,6,37
2676,2661,Bullet,8,23,13,80
2264,2415,Bullet,10,24,11,5
2196,2157,Bullet,25,21,6,21
1564,1508,Bullet,9,37,10,7
1723,1823,Bullet,19,22,12,46
2268,2308,Bullet,4,20,39,11
1923,1879,Bullet,4,7,24,37
985,956,Blitz,5,8,26,10
849,855,Blitz,2,4,2,66
1282,1315,Blitz,5,26,23,44
1781,1784,Blitz,32,55,22,12
1792,1802,Blitz,2,26,16,34
1833,1826,Blitz,11,17,22,15
1076,1034,Blitz,0,4,16,6
668,593,Blitz,0,4,0,2
1834,1835,Blitz,0,6,9,62
1673,1668,Blitz,17,32,14,5
1801,1807,Bullet,13,38,5,23
1136,1132,Blitz,10,28,5,64
1397,1386,Blitz,33,19,21,39
1086,955,Blitz,5,25,8,14
1415,1405,Blitz,16,19,7,6
2410,2432,Blitz,7,31,10,8
1329,1326,Blitz,4,21,18,48
1612,1540,Blitz,1,7,42,19
1931,1877,Blitz,18,23,9,8
1718,1728,Blitz,7,29,0,10
1148,1247,Blitz,3,7,6,44
1803,1838,Blitz,9,34,32,31
909,915,Blitz,2,9,8,48
1660,1661,Bullet,12,19,20,22
1821,1715,Bullet,10,14,0,2
1597,1660,Bullet,7,22,9,12
1308,1290,Bullet,15,21,20,24
1433,1444,Bullet,0,5,8,10
1369,1358,Bullet,31,42,13,7
1117,1206,Bullet,5,10,11,38
1695,1704,Bullet,14,22,30,27
2202,2067,Bullet,18,14,13,2
1386,1432,Bullet,7,19,40,50
1235,1209,Bullet,3,12,6,42
1470,1495,Bullet,9,27,23,10
1831,1911,Bullet,8,21,5,1
1448,1465,Bullet,4,16,15,42
2296,2332,Bullet,13,14,6,2
1887,1901,Bullet,0,6,4,62
1488,1482,Blitz,11,9,16,7
2427,2400,Bullet,17,17,2,96
2121,2131,Bullet,7,9,13,20
1168,1125,Bullet,0,6,17,19
2120,2105,Bullet,0,8,0,60
1957,1975,Bullet,7,5,10,54
1771,1784,Bullet,1,4,8,53
1849,1798,Bullet,0,11,26,19
998,1091,Bullet,4,17,0,38
1358,1236,Bullet,5,22,4,8
1554,1497,Blitz,61,43,23,4
1914,1961,Blitz,37,47,23,7
1900,1906,Blitz,14,20,24,4
1873,1852,Blitz,13,34,44,6
1222,1278,Bullet,8,15,9,37
1831,1847,Bullet,5,27,11,8
1686,1695,Bullet,11,29,21,24
1848,1858,Bullet,4,11,0,2
1631,1707,Bullet,3,18,11,41
1589,1542,Bullet,49,15,16,28
2014,2055,Bullet,5,20,22,35
1919,1923,Bullet,11,32,33,18
2103,2116,Bullet,17,36,9,19
1936,1990,Bullet,18,40,22,16
1901,1896,Bullet,8,13,24,7
1109,1062,Bullet,11,31,22,70
1517,1519,Bullet,7,41,30,22
2190,2216,Bullet,12,18,10,6
1488,1463,Bullet,1,6,3,20
1572,1579,Bullet,2,24,23,23
2305,2221,Bullet,1,19,30,16
1561,1577,Bullet,7,17,10,10
1194,1199,Bullet,4,8,4,2
1671,1718,Bullet,2,11,8,77
1833,1811,Bullet,15,12,13,17
1429,1446,Bullet,2,10,0,2
2859,2844,Bullet,1,14,27,36
2396,2340,Bullet,14,19,10,29
2069,2095,Bullet,4,25,21,11
1333,1333,Bullet,1,4,0,2
1927,1940,Bullet,2,19,19,21
1961,1966,Bullet,8,18,5,27
1371,1442,Bullet,2,6,1,39
1725,1754,Bullet,2,24,8,56
1300,1305,Bullet,4,15,3,29
1610,1654,Bullet,4,11,2,40
2163,2210,Bullet,6,9,10,1
1282,1285,Bullet,23,21,7,2
1891,1921,Bullet,25,11,8,50
1895,1974,Bullet,6,7,22,25
2077,2009,Blitz,6,19,32,27
1669,1465,Bullet,18,48,28,12
2131,2153,Bullet,13,30,19,5
1309,1357,Blitz,2,12,16,30
1003,996,Blitz,7,34,27,63
1854,1878,Blitz,18,32,26,12
1795,1848,Blitz,3,16,11,7
1454,1439,Blitz,5,4,0,0
1176,1185,Blitz,2,8,14,12
1562,1521,Blitz,0,4,10,15
1500,1623,Blitz,2,13,5,25
1500,1459,Blitz,2,12,6,5
1353,1418,Bullet,3,14,17,2
1700,1724,Bullet,4,8,33,28
1257,1330,Bullet,12,22,24,52
758,631,Bullet,0,3,8,10
2281,2302,Bullet,4,10,31,23
1506,1421,Bullet,4,14,12,70
1772,1730,Bullet,2,23,14,72
2335,2367,Bullet,24,25,11,51
1744,2000,Bullet,0,6,1,39
1544,1545,Bullet,7,18,9,36
1912,1905,Bullet,3,7,10,3
2236,2129,Bullet,17,12,4,3
1905,1910,Bullet,8,18,6,32
1493,1437,Bullet,6,20,5,36
1528,1524,Bullet,0,4,8,53
1820,1844,Bullet,8,22,4,30
2077,2121,Bullet,2,10,18,44
2153,2186,Bullet,9,17,5,23
1806,1806,Bullet,4,23,37,5
1983,1974,Bullet,17,19,6,19
1919,1942,Bullet,10,31,4,16
2031,2043,Bullet,0,16,5,40
1804,1804,Bullet,7,34,13,7
1862,1862,Bullet,2,27,23,16
1618,1682,Bullet,5,24,3,35
1951,1958,Bullet,19,8,4,18
1298,1323,Bullet,4,10,23,28
1669,1635,Blitz,6,12,8,77
1343,1750,Blitz,1,10,11,2
1292,1293,Bullet,6,39,38,15
1995,2015,Bullet,28,26,3,13
1130,1023,Bullet,12,11,23,13
1555,1570,Bullet,6,21,11,4
1902,1900,Bullet,4,21,27,11
1394,1329,Bullet,9,14,8,35
1491,1488,Bullet,72,42,6,0
1819,1845,Bullet,1,6,0,12
1812,1777,Bullet,5,13,19,30
1976,1949,Bullet,0,16,45,41
1526,1501,Bullet,4,11,7,107
2270,2117,Bullet,5,23,25,8
1670,1768,Bullet,6,8,8,6
2066,2094,Bullet,14,25,29,48
1236,1205,Blitz,8,10,10,30
1568,1580,Bullet,7,17,7,37
1818,1778,Bullet,11,28,5,44
2109,2080,Bullet,19,31,19,24
1922,1939,Bullet,5,17,31,75
1357,1242,Bullet,12,26,44,35
1875,1913,Bullet,11,25,34,66
1382,1381,Bullet,10,16,44,75
1561,1566,Bullet,9,26,32,35
1385,1390,Bullet,4,23,26,10
1431,1506,Bullet,2,21,29,43
1846,1865,Bullet,2,7,48,106
1074,942,Bullet,1,13,12,15
1985,2026,Bullet,1,20,31,55
1286,1162,Bullet,1,6,12,20
1617,1658,Bullet,4,19,7,0
2151,2166,Bullet,19,15,26,57
1542,1521,Bullet,8,17,20,59
1813,1866,Bullet,4,7,9,11
993,1027,Blitz,4,8,0,127
1743,1769,Blitz,8,27,23,27
1483,1486,Blitz,7,13,14,30
1802,1806,Blitz,5,9,22,44
1523,1448,Blitz,0,10,4,36
1968,1892,Blitz,7,33,46,80
670,855,Blitz,7,5,10,8
1856,1891,Blitz,11,26,14,7
1772,1782,Blitz,5,24,15,8
1827,1836,Blitz,4,23,1,2
1405,1398,Blitz,13,19,6,14
1331,1301,Blitz,0,9,5,40
1692,1633,Blitz,8,23,21,15
1191,1228,Blitz,0,13,10,28
1407,1373,Blitz,3,11,9,26
1333,1357,Blitz,7,30,16,69
2181,2027,Blitz,10,27,15,25
1516,1523,Blitz,10,14,11,58
2017,1897,Blitz,12,29,29,21
1741,1775,Blitz,1,7,0,12
1892,1825,Blitz,69,19,18,5
1590,1598,Blitz,6,11,7,13
1585,1580,Blitz,1,13,48,43
1367,1358,Blitz,6,12,8,34
1525,1543,Blitz,4,17,13,13
1535,1500,Bullet,1,4,11,61
1536,1559,Bullet,3,19,17,28
1926,1953,Bullet,5,23,0,0
1328,1388,Bullet,17,12,7,12
1240,1303,Bullet,1,8,48,9
1482,1438,Bullet,9,22,10,17
1647,1652,Bullet,15,24,26,23
1399,1410,Bullet,38,46,15,1
1905,1921,Bullet,15,24,19,4
1922,1926,Bullet,4,24,27,11
1661,1668,Bullet,0,5,6,36
1615,1633,Bullet,1,3,19,18
1786,1808,Bullet,6,28,9,2
1390,1381,Bullet,7,23,18,72
1121,1131,Bullet,4,30,32,19
1631,1646,Blitz,4,21,2,2
1392,1352,Blitz,2,10,4,12
1261,1306,Blitz,15,19,18,23
1166,1233,Blitz,10,33,21,7
1148,1128,Blitz,1,4,0,2
1771,1797,Blitz,3,6,0,0
1850,1974,Blitz,4,28,19,13
2011,2137,Blitz,13,51,41,21
1580,1622,Blitz,5,7,5,22
2203,2309,Blitz,4,25,40,21
1576,1576,Blitz,3,9,2,78
2110,2120,Bullet,11,44,32,6
1459,1465,Bullet,7,31,2,2
2133,2143,Bullet,3,7,24,4
1949,1933,Blitz,1,15,37,88
1795,1701,Bullet,7,25,9,8
1842,1888,Blitz,2,28,11,21
1369,1411,Blitz,19,9,1,2
1797,1749,Blitz,16,23,25,7
1506,1585,Blitz,6,17,7,36
878,869,Blitz,4,13,7,34
1521,1600,Blitz,13,34,6,1
1697,1796,Blitz,1,9,6,18
1312,1331,Blitz,0,6,11,41
1644,1676,Blitz,1,17,19,17
1611,1638,Blitz,15,9,1,0
1182,1166,Blitz,9,10,17,8
2023,2182,Blitz,12,40,26,12
1593,1600,Blitz,15,32,15,50
1378,1372,Blitz,4,28,13,49
1209,1201,Blitz,4,16,20,26
1428,1479,Blitz,2,11,2,4
1983,1994,Bullet,6,31,27,5
1329,1279,Bullet,0,5,11,19
1137,1088,Bullet,11,15,10,17
1523,1344,Bullet,2,14,14,19
1586,1625,Bullet,9,23,27,25
1175,1155,Bullet,4,9,8,63
2000,2136,Bullet,12,58,28,25
1874,1855,Bullet,7,21,6,4
1983,1969,Bullet,28,17,15,1
1611,1725,Bullet,10,15,18,41
1959,1926,Bullet,0,17,9,66
1429,1469,Bullet,3,10,0,22
1772,1729,Bullet,3,12,23,1
1565,1543,Bullet,2,1,14,61
2715,2563,Bullet,2,34,12,7
807,885,Bullet,2,10,9,28
1522,1516,Bullet,3,7,37,23
1513,1473,Bullet,7,8,1,56
1399,1306,Bullet,7,36,21,1
972,969,Bullet,3,7,6,20
1575,1567,Bullet,8,10,18,39
984,1107,Bullet,7,15,4,27
1745,1735,Bullet,10,19,8,17
1806,1772,Blitz,2,18,37,3
1630,1676,Bullet,3,9,2,33
2378,2383,Bullet,2,31,21,26
1532,1736,Bullet,2,16,2,18
2277,1601,Bullet,10,4,13,22
1695,1586,Bullet,0,4,24,28
1642,2116,Bullet,32,20,0,2
2150,1626,Bullet,3,18,25,37
1182,1662,Bullet,1,17,14,56
2204,2177,Bullet,22,41,11,86
1568,1553,Bullet,0,6,8,65
2017,2058,Bullet,14,33,29,4
1504,1497,Bullet,12,34,7,35
2150,2103,Bullet,11,13,33,10
1864,1879,Bullet,8,17,32,23
1636,1617,Bullet,12,17,14,11
1182,1275,Bullet,3,2,3,35
2227,2215,Bullet,7,9,3,21
1612,1617,Bullet,9,20,1,26
1881,1882,Bullet,68,56,21,14
1660,1674,Bullet,2,17,22,6
2231,2251,Bullet,26,42,18,3
1678,1726,Bullet,1,8,25,8
1155,1169,Bullet,15,30,9,4
1832,1856,Bullet,4,16,15,16
1477,1487,Bullet,9,12,6,70
1994,1967,Bullet,13,23,5,48
1956,1980,Bullet,6,18,4,27
2115,2127,Bullet,10,19,17,56
1174,1215,Bullet,0,14,7,27
1583,1631,Bullet,44,33,41,26
1581,1546,Bullet,8,11,24,13
1007,1035,Bullet,0,4,5,11
1466,1466,Bullet,1,9,6,0
1224,1250,Bullet,15,25,32,8
1767,1785,Bullet,2,18,27,14
2161,2197,Bullet,5,31,22,26
1593,1619,Bullet,10,12,4,50
1142,1057,Bullet,10,28,53,15
1427,1435,Bullet,18,40,12,0
1484,1485,Bullet,1,5,0,14
1388,1293,Bullet,3,22,37,2
1883,1944,Rapid,15,12,12,66
1609,1583,Blitz,49,36,22,25
2082,2074,Blitz,4,16,9,19
1554,1533,Blitz,1,8,2,10
1676,1670,Blitz,2,21,11,27
2070,2053,Blitz,8,15,18,20
1566,1562,Blitz,116,23,14,28
1889,1886,Blitz,2,26,17,1
1397,1527,Blitz,18,27,16,61
1855,1838,Blitz,1,20,20,17
1991,1932,Blitz,13,20,8,28
1317,1272,Blitz,2,4,5,44
1271,1271,Blitz,7,22,13,20
1179,1251,Blitz,11,15,21,9
1374,1325,Blitz,3,19,8,26
1710,1731,Blitz,14,26,15,10
2011,1971,Blitz,16,21,16,47
966,878,Blitz,5,12,6,32
1110,1091,Blitz,0,6,6,49
1401,1379,Blitz,0,6,5,6
1411,1512,Blitz,8,7,7,38
1885,1860,Blitz,2,21,13,18
1333,1316,Blitz,17,13,4,28
1824,1824,Blitz,9,20,26,12
1903,1906,Blitz,3,16,18,0
1940,1917,Bullet,5,18,3,0
1464,1485,Bullet,0,17,21,19
1984,2137,Bullet,10,19,11,11
1411,1446,Bullet,7,15,17,54
1514,1494,Bullet,3,15,18,29
1752,1687,Bullet,11,6,8,8
2388,2321,Bullet,17,42,16,0
1777,1755,Bullet,35,34,34,43
1978,1944,Bullet,6,19,20,17
1615,1637,Bullet,37,18,38,1
1648,1643,Bullet,5,10,9,62
1580,1599,Bullet,4,24,11,7
1794,1853,Bullet,24,33,18,1
1519,1546,Bullet,0,1,11,48
2178,2236,Bullet,5,10,22,17
1456,1425,Blitz,27,70,26,4
1887,1865,Blitz,6,28,10,6
1836,1812,Blitz,20,45,28,14
1365,1430,Blitz,5,13,6,21
1913,1948,Blitz,1,18,12,5
1551,1606,Blitz,9,5,2,61
1655,1632,Blitz,7,41,37,3
1884,1902,Bullet,9,22,38,19
1735,1721,Rapid,1,2,7,13
2085,2149,Bullet,86,66,1,0
1504,1498,Blitz,6,6,26,6
2100,2092,Blitz,15,11,14,17
2377,2428,Bullet,9,41,23,3
2354,2266,Bullet,31,39,12,0
1662,1745,Blitz,9,10,13,26
1487,1511,Bullet,10,9,33,75
2010,2082,Bullet,4,14,9,3
1850,1843,Bullet,5,12,0,20
1829,1828,Bullet,8,10,36,21
2203,2212,Bullet,8,23,6,12
1947,1943,Bullet,0,9,6,18
2175,2182,Bullet,3,24,5,47
1685,1603,Bullet,1,14,9,49
1047,1032,Bullet,8,8,13,5
1988,1953,Bullet,6,30,16,4
1935,1941,Bullet,23,16,6,71
1482,1430,Bullet,7,6,0,74
2245,2229,Bullet,6,10,18,66
1366,1387,Bullet,1,11,3,52
2297,2392,Bullet,6,13,1,14
2714,2518,Bullet,41,79,22,12
1518,1589,Bullet,8,17,7,7
2140,2198,Blitz,9,18,17,20
1604,1593,Blitz,6,18,10,39
1503,1449,Blitz,5,24,1,8
2071,2038,Blitz,6,11,12,6
1563,1553,Blitz,2,19,9,5
1699,1717,Blitz,1,17,19,9
1833,1872,Blitz,7,11,1,2
1659,1618,Blitz,10,28,7,3
1299,1268,Blitz,5,14,12,8
1555,1553,Blitz,7,27,12,37
1883,1926,Blitz,16,9,3,36
2119,2095,Blitz,11,17,22,18
1247,1239,Blitz,12,30,12,2
1928,1986,Bullet,9,36,9,72
1846,1838,Bullet,10,22,26,43
2591,2578,Bullet,12,28,4,46
1619,1652,Bullet,1,29,20,5
2016,2075,Blitz,4,26,13,24
1908,1900,Blitz,12,37,2,0
1417,1437,Blitz,9,19,21,20
1761,1769,Blitz,6,14,7,12
1635,1595,Blitz,27,39,52,58
1069,1095,Blitz,0,8,7,32
1669,1640,Blitz,12,39,15,7
1713,1686,Blitz,22,19,37,86
1749,1723,Blitz,1,6,27,30
1493,1526,Blitz,23,32,37,15
1456,1438,Blitz,0,10,30,20
1574,1551,Blitz,4,10,20,15
1681,1647,Bullet,32,45,6,3
1707,1727,Blitz,29,40,6,40
1057,1057,Bullet,0,3,4,35
2238,2245,Bullet,19,13,27,54
1544,1454,Bullet,6,5,20,16
1940,1918,Bullet,5,26,13,2
1891,1863,Bullet,6,11,12,4
1604,1622,Bullet,1,14,9,40
1437,1400,Bullet,0,10,6,38
2028,1983,Bullet,3,19,20,15
1222,1311,Bullet,0,6,14,27
2148,2150,Bullet,3,11,18,69
2139,2106,Bullet,5,12,3,9
1548,1576,Bullet,3,2,1,2
2214,2198,Bullet,10,14,15,10
2220,2229,Bullet,14,18,14,6
1858,1842,Bullet,24,38,5,67
1646,1649,Bullet,4,9,0,36
1831,1835,Bullet,1,13,28,4
1862,1862,Bullet,8,10,24,0
1349,1439,Blitz,15,6,6,26
1590,1584,Blitz,1,4,0,6
1555,1560,Blitz,0,12,9,20
1505,1417,Blitz,50,17,35,18
1715,1735,Blitz,5,12,0,0
1402,1335,Blitz,10,3,3,27
1249,1242,Blitz,6,10,11,30
1645,1699,Blitz,20,38,16,9
2154,2155,Blitz,2,8,10,3
1363,1359,Blitz,1,8,17,23
1774,1773,Blitz,1,29,4,3
829,972,Blitz,1,4,0,2
2044,2042,Blitz,0,15,39,33
2082,2081,Blitz,2,44,23,60
1929,1930,Blitz,14,47,23,10
1099,1004,Blitz,8,5,18,54
1580,1581,Blitz,3,11,18,47
1204,1255,Bullet,1,12,1,32
1663,1681,Bullet,15,26,13,64
1573,1488,Bullet,3,14,15,7
1734,1857,Bullet,9,27,3,2
1500,1412,Bullet,20,15,1,84
1927,1894,Bullet,25,58,9,1
1164,1198,Bullet,2,0,9,21
2057,2039,Bullet,0,4,4,82
2079,2101,Bullet,1,6,27,10
2434,2416,Bullet,21,43,2,0
1625,1630,Bullet,6,10,18,35
1467,1481,Bullet,3,22,24,4
1410,1206,Rapid,0,16,6,19
1925,1941,Blitz,4,13,8,35
1858,1778,Bullet,1,10,17,70
2165,2186,Bullet,0,13,32,18
1354,1395,Bullet,3,15,10,6
1280,1279,Bullet,4,20,6,2
1857,1908,Bullet,3,9,9,17
2323,2286,Bullet,18,21,11,2
1993,2008,Bullet,0,7,4,66
2615,2611,Bullet,30,53,15,6
900,890,Bullet,8,15,27,10
1704,1707,Bullet,19,40,21,8
1555,1610,Bullet,6,3,2,0
2037,2013,Bullet,7,8,8,54
2125,2049,Bullet,3,30,25,13
1288,1334,Bullet,8,14,1,27
1231,1272,Bullet,5,8,3,48
2181,2095,Bullet,10,23,18,8
2135,2235,Bullet,1,18,24,59
2012,1999,Bullet,1,17,8,5
1261,1250,Bullet,5,21,6,0
1734,1710,Bullet,8,32,12,38
1651,1615,Bullet,8,13,5,8
1602,1598,Bullet,5,19,5,78
1161,1081,Bullet,7,22,31,5
2038,2027,Bullet,6,31,16,6
1486,1480,Bullet,14,26,13,39
1325,1420,Bullet,35,40,3,17
2315,2297,Bullet,16,45,15,17
1657,1674,Bullet,17,25,32,17
1162,1123,Bullet,2,19,0,22
1930,1942,Bullet,6,25,58,8
1820,1833,Bullet,13,15,10,0
1492,1549,Bullet,12,14,34,32
1867,1908,Bullet,11,18,7,46
838,778,Bullet,2,15,21,21
2148,2207,Bullet,16,36,16,0
1254,1204,Blitz,4,11,7,2
1417,1341,Blitz,6,14,34,16
1479,1506,Blitz,33,36,15,45
1166,1159,Blitz,5,4,8,54
1923,1922,Blitz,11,37,45,44
985,1008,Blitz,0,2,0,33
937,902,Blitz,2,17,18,25
1681,1689,Blitz,3,18,16,43
1336,1320,Blitz,4,15,8,12
965,956,Blitz,11,20,6,28
1696,1682,Bullet,0,5,7,65
1682,1657,Bullet,6,30,44,17
1989,2000,Bullet,3,17,23,14
1821,1823,Bullet,4,11,20,3
1351,1442,Bullet,2,10,24,15
1146,1160,Bullet,0,1,10,50
2043,2138,Bullet,8,15,10,36
1274,1348,Bullet,7,27,17,21
1607,1630,Bullet,2,24,12,5
1124,1069,Bullet,3,13,1,31
1772,1759,Bullet,8,11,4,3
952,1018,Bullet,8,24,2,2
934,845,Bullet,2,3,0,2
2212,2239,Bullet,0,5,12,4
2078,1827,Bullet,9,18,10,28
1782,2106,Bullet,0,17,22,7
1835,1697,Bullet,7,15,3,34
1222,1208,Blitz,14,33,8,40
1044,1106,Blitz,2,12,2,13
1415,1404,Blitz,2,16,22,16
1880,1456,Bullet,44,26,78,69
1811,1915,Rapid,15,27,7,28
969,990,Blitz,13,8,1,48
1608,1586,Blitz,5,16,22,13
1161,1101,Blitz,2,7,4,24
2048,1927,Blitz,2,19,14,37
1829,1870,Blitz,4,18,26,88
1926,1973,Blitz,3,18,49,40
1659,1639,Blitz,4,28,15,48
1817,1729,Blitz,8,20,11,74
1300,1314,Blitz,0,1,10,71
1910,1878,Blitz,8,12,20,3
1766,1744,Bullet,13,22,1,7
2097,2088,Bullet,5,10,27,50
2190,2227,Bullet,2,31,17,2
1548,1597,Bullet,2,13,25,21
1783,1776,Bullet,9,22,17,12
2213,2226,Bullet,12,17,7,75
2519,2362,Bullet,6,24,24,15
1896,1828,Bullet,17,21,9,8
1658,1650,Bullet,2,8,13,40
1348,1345,Bullet,21,32,6,4
1481,1477,Bullet,3,15,39,1
1209,1220,Bullet,2,15,25,17
2033,2070,Bullet,8,17,20,28
2155,2162,Bullet,11,23,4,8
2337,2352,Bullet,31,39,37,17
1518,1524,Bullet,1,10,30,18
1745,1711,Bullet,10,28,21,5
1450,1432,Bullet,13,24,13,45
1298,1376,Blitz,1,12,16,28
1306,1303,Blitz,7,16,27,5
1168,1177,Blitz,2,16,8,33
1221,1183,Blitz,1,8,6,17
1316,1382,Blitz,11,18,2,52
924,886,Blitz,2,11,9,77
1241,1282,Blitz,4,16,16,5
1511,1452,Blitz,0,9,21,11
1536,1649,Blitz,4,36,28,4
989,1093,Blitz,1,17,15,36
1705,1776,Blitz,4,45,30,5
1423,1434,Blitz,3,3,0,2
1863,1868,Bullet,2,5,15,36
1705,1729,Bullet,2,5,5,54
2284,2373,Bullet,57,40,4,0
2067,2026,Bullet,12,36,22,4
1859,1845,Bullet,3,45,18,2
1350,1355,Bullet,6,22,18,2
2458,2472,Bullet,10,25,6,13
1105,1055,Bullet,1,5,3,63
1958,1954,Bullet,28,17,7,35
1748,1767,Bullet,13,9,8,4
1447,1479,Bullet,1,27,4,40
1369,1426,Bullet,16,19,27,46
1902,1891,Bullet,0,6,15,29
1132,1204,Bullet,5,23,8,2
1592,1575,Bullet,1,18,13,33
2074,2077,Bullet,8,15,14,9
984,1086,Bullet,2,5,0,94
1977,1968,Blitz,21,44,21,7
2290,2283,Bullet,8,19,49,50
1282,1227,Bullet,1,12,29,33
2665,2582,Bullet,2,25,11,47
1800,1842,Bullet,13,19,20,0
566,584,Blitz,3,0,20,15
1444,1433,Blitz,13,15,18,23
1869,1929,Blitz,7,36,62,22
921,783,Blitz,1,18,10,6
1381,1374,Blitz,14,32,16,31
1253,1319,Blitz,9,28,17,7
1510,1523,Blitz,1,12,8,48
1484,1509,Blitz,0,18,22,25
1064,1058,Blitz,0,9,10,20
1641,1536,Blitz,10,17,2,4
1204,1198,Blitz,3,15,22,1
1421,1427,Blitz,8,22,19,4
881,946,Bullet,2,3,0,2
2030,1955,Bullet,1,12,21,82
2342,2328,Bullet,8,16,13,12
2491,2621,Bullet,9,19,13,26
2013,2051,Bullet,24,33,18,4
1350,1364,Bullet,8,12,0,48
1955,1828,Bullet,0,18,4,52
1028,1105,Bullet,6,5,5,28
2317,2312,Bullet,2,20,4,40
1282,1285,Bullet,3,13,11,2
2214,2100,Bullet,3,12,12,63
1123,1109,Bullet,0,11,19,17
1759,1788,Bullet,18,37,21,1
1289,1298,Bullet,8,9,10,49
1075,1022,Bullet,5,19,6,8
1872,1824,Bullet,3,12,0,2
2031,2001,Bullet,16,22,28,32
1440,1473,Bullet,2,14,20,36
917,994,Bullet,4,21,15,43
1730,1696,Bullet,0,6,3,69
1589,1630,Bullet,7,22,44,13
1496,1542,Bullet,6,16,19,107
1915,1890,Bullet,0,19,39,9
1818,1813,Bullet,8,5,10,24
2073,1957,Bullet,7,12,26,55
903,1035,Bullet,2,3,6,75
1761,1753,Bullet,0,7,7,0
1419,1375,Bullet,15,13,6,15
1028,982,Bullet,2,12,4,15
2700,2780,Bullet,9,29,30,16
1341,1340,Bullet,3,21,34,8
1207,1199,Bullet,6,17,7,7
1869,1889,Bullet,6,21,27,29
1421,1428,Bullet,29,24,3,47
1702,1816,Bullet,7,4,5,73
1291,1274,Bullet,2,10,17,7
2109,1684,Bullet,13,25,19,13
1019,1080,Blitz,5,20,23,9
856,778,Blitz,6,18,0,48
1472,1415,Blitz,0,16,9,2
930,1011,Blitz,5,23,8,105
1296,1285,Blitz,18,27,8,8
1280,1273,Blitz,3,23,11,11
1861,1934,Blitz,0,18,21,22
1964,1917,Blitz,6,6,0,2
1364,1404,Blitz,1,22,20,19
1407,1363,Blitz,7,11,0,82
1858,1703,Unknown,2,7,27,15
1381,1365,Rapid,3,5,10,46
1064,1071,Rapid,2,15,5,27
1273,1326,Rapid,4,9,12,8
1599,1503,Rapid,4,18,28,50
1604,1636,Rapid,5,22,10,10
1957,1946,Rapid,8,18,4,10
1629,1602,Bullet,16,36,14,6
2535,2496,Bullet,8,18,9,14
2219,2286,Bullet,13,20,15,0
2045,1981,Bullet,3,14,24,49
2149,2162,Bullet,1,5,8,0
1439,1458,Bullet,6,12,19,16
1225,1274,Bullet,2,4,25,27
1863,1850,Bullet,3,23,15,74
1805,1795,Bullet,0,16,18,2
2076,2124,Bullet,1,10,9,36
1418,1350,Bullet,8,25,24,46
2173,2210,Bullet,8,25,4,2
947,1064,Bullet,2,3,2,40
1598,1468,Bullet,5,9,3,46
2626,2543,Bullet,8,21,29,36
1878,1881,Bullet,3,4,1,36
1692,1606,Bullet,17,20,3,44
1861,1860,Blitz,4,11,22,22
1981,2382,Bullet,11,25,18,3
1990,1932,Bullet,13,20,13,55
1241,1232,Bullet,2,1,0,60
1149,997,Rapid,8,12,0,47
1085,1075,Rapid,5,18,17,8
1203,1268,Rapid,1,5,0,31
1608,1655,Rapid,4,19,19,37
1988,1948,Blitz,31,23,11,14
1543,1550,Blitz,15,44,29,40
830,906,Blitz,9,8,11,42
1290,1237,Blitz,3,18,39,28
1645,1664,Blitz,5,26,18,12
1860,1889,Blitz,37,26,25,20
1931,1907,Blitz,9,43,9,6
1597,1563,Blitz,0,11,12,3
1418,1378,Blitz,5,15,3,33
1491,1463,Bullet,8,37,3,0
1532,1512,Bullet,10,19,10,57
1940,1940,Bullet,33,30,46,20
1327,1339,Bullet,7,23,4,19
1779,1765,Bullet,116,28,2,0
1803,1830,Bullet,9,15,19,29
1315,1284,Bullet,1,3,11,44
1254,1264,Bullet,2,5,0,36
2130,2162,Bullet,10,44,45,4
2264,2274,Bullet,16,9,2,18
1834,1884,Bullet,1,10,0,2
1995,1989,Bullet,89,44,19,0
1456,1443,Bullet,18,13,17,43
1226,1212,Bullet,5,9,8,48
1758,1690,Bullet,10,16,10,15
1536,1556,Bullet,1,6,8,29
